date,pixels
2012-03-01,0
2012-03-02,2594
2012-03-03,1052
2012-03-04,0
2012-03-05,127
2012-03-06,0
2012-03-07,165
2012-03-08,486
2012-03-09,513
2012-03-10,316
2012-03-11,22
2012-03-12,816
2012-03-13,1069
2012-03-14,1024
2012-03-15,126
2012-03-16,289
2012-03-17,192
2012-03-18,804
2012-03-19,764
2012-03-20,230
2012-03-21,383
2012-03-22,0
2012-03-23,208
2012-03-24,0
2012-03-25,-1
2012-03-26,0
2012-03-27,0
2012-03-28,487
2012-03-29,22
2012-03-30,0
2012-03-31,0
2012-04-01,43
2012-04-02,0
2012-04-03,0
2012-04-04,0
2012-04-05,0
2012-04-06,0
2012-04-07,0
2012-04-08,2453
2012-04-09,0
2012-04-10,0
2012-04-11,0
2012-04-12,0
2012-04-13,642
2012-04-14,0
2012-04-15,40
2012-04-16,0
2012-04-17,84
2012-04-18,737
2012-04-19,495
2012-04-20,0
2012-04-21,248
2012-04-22,169
2012-04-23,0
2012-04-24,0
2012-04-25,673
2012-04-26,167
2012-04-27,0
2012-04-28,20
2012-04-29,0
2012-04-30,228
2012-05-01,0
2012-05-02,0
2012-05-03,0
2012-05-04,22
2012-05-05,0
2012-05-06,1285
2012-05-07,0
2012-05-08,0
2012-05-09,0
2012-05-10,126
2012-05-11,899
2012-05-12,1502
2012-05-13,256
2012-05-14,0
2012-05-15,189
2012-05-16,0
2012-05-17,0
2012-05-18,317
2012-05-19,85
2012-05-20,0
2012-05-21,649
2012-05-22,1048
2012-05-23,0
2012-05-24,0
2012-05-25,0
2012-05-26,42
2012-05-27,357
2012-05-28,0
2012-05-29,145
2012-05-30,189
2012-05-31,748
2012-06-01,529
2012-06-02,431
2012-06-03,934
2012-06-04,0
2012-06-05,815
2012-06-06,42
2012-06-07,0
2012-06-08,494
2012-06-09,81
2012-06-10,291
2012-06-11,166
2012-06-12,1188
2012-06-13,148
2012-06-14,0
2012-06-15,61
2012-06-16,1079
2012-06-17,0
2012-06-18,145
2012-06-19,318
2012-06-20,352
2012-06-21,495
2012-06-22,349
2012-06-23,0
2012-06-24,149
2012-06-25,0
2012-06-26,0
2012-06-27,226
2012-06-28,500
2012-06-29,328
2012-06-30,483
2012-07-01,0
2012-07-02,210
2012-07-03,662
2012-07-04,187
2012-07-05,855
2012-07-06,267
2012-07-07,564
2012-07-08,233
2012-07-09,417
2012-07-10,290
2012-07-11,206
2012-07-12,166
2012-07-13,1526
2012-07-14,575
2012-07-15,589
2012-07-16,521
2012-07-17,0
2012-07-18,360
2012-07-19,0
2012-07-20,1411
2012-07-21,711
2012-07-22,120
2012-07-23,214
2012-07-24,0
2012-07-25,443
2012-07-26,0
2012-07-27,0
2012-07-28,0
2012-07-29,172
2012-07-30,765
2012-07-31,895
2012-08-01,271
2012-08-02,0
2012-08-03,440
2012-08-04,1045
2012-08-05,1444
2012-08-06,254
2012-08-07,0
2012-08-08,669
2012-08-09,542
2012-08-10,266
2012-08-11,0
2012-08-12,87
2012-08-13,0
2012-08-14,401
2012-08-15,430
2012-08-16,352
2012-08-17,1042
2012-08-18,0
2012-08-19,0
2012-08-20,503
2012-08-21,0
2012-08-22,749
2012-08-23,0
2012-08-24,601
2012-08-25,966
2012-08-26,0
2012-08-27,1069
2012-08-28,0
2012-08-29,0
2012-08-30,382
2012-08-31,1838
2012-09-01,127
2012-09-02,20
2012-09-03,148
2012-09-04,1000
2012-09-05,0
2012-09-06,0
2012-09-07,43
2012-09-08,0
2012-09-09,394
2012-09-10,851
2012-09-11,0
2012-09-12,227
2012-09-13,0
2012-09-14,0
2012-09-15,0
2012-09-16,1809
2012-09-17,0
2012-09-18,873
2012-09-19,0
2012-09-20,696
2012-09-21,666
2012-09-22,422
2012-09-23,335
2012-09-24,0
2012-09-25,0
2012-09-26,332
2012-09-27,363
2012-09-28,748
2012-09-29,251
2012-09-30,62
2012-10-01,165
2012-10-02,187
2012-10-03,251
2012-10-04,185
2012-10-05,0
2012-10-06,1460
2012-10-07,755
2012-10-08,317
2012-10-09,658
2012-10-10,0
2012-10-11,529
2012-10-12,859
2012-10-13,1509
2012-10-14,44
2012-10-15,0
2012-10-16,0
2012-10-17,396
2012-10-18,2339
2012-10-19,551
2012-10-20,210
2012-10-21,0
2012-10-22,1388
2012-10-23,1283
2012-10-24,481
2012-10-25,443
2012-10-26,0
2012-10-27,83
2012-10-28,1571
2012-10-29,0
2012-10-30,0
2012-10-31,0
2012-11-01,0
2012-11-02,248
2012-11-03,0
2012-11-04,404
2012-11-05,657
2012-11-06,340
2012-11-07,405
2012-11-08,1370
2012-11-09,0
2012-11-10,700
2012-11-11,63
2012-11-12,65
2012-11-13,486
2012-11-14,1579
2012-11-15,191
2012-11-16,290
2012-11-17,0
2012-11-18,590
2012-11-19,1101
2012-11-20,727
2012-11-21,224
2012-11-22,0
2012-11-23,357
2012-11-24,544
2012-11-25,1719
2012-11-26,0
2012-11-27,0
2012-11-28,886
2012-11-29,146
2012-11-30,632
2012-12-01,662
2012-12-02,186
2012-12-03,61
2012-12-04,692
2012-12-05,2089
2012-12-06,382
2012-12-07,952
2012-12-08,0
2012-12-09,462
2012-12-10,1272
2012-12-11,0
2012-12-12,376
2012-12-13,344
2012-12-14,39
2012-12-15,651
2012-12-16,351
2012-12-17,487
2012-12-18,272
2012-12-19,86
2012-12-20,418
2012-12-21,1016
2012-12-22,0
2012-12-23,0
2012-12-24,0
2012-12-25,1229
2012-12-26,0
2012-12-27,0
2012-12-28,0
2012-12-29,0
2012-12-30,0
2012-12-31,520
2013-01-01,404
2013-01-02,83
2013-01-03,0
2013-01-04,0
2013-01-05,1035
2013-01-06,630
2013-01-07,0
2013-01-08,375
2013-01-09,0
2013-01-10,1459
2013-01-11,642
2013-01-12,575
2013-01-13,336
2013-01-14,0
2013-01-15,0
2013-01-16,889
2013-01-17,453
2013-01-18,435
2013-01-19,0
2013-01-20,0
2013-01-21,1303
2013-01-22,1363
2013-01-23,60
2013-01-24,402
2013-01-25,145
2013-01-26,144
2013-01-27,0
2013-01-28,1327
2013-01-29,608
2013-01-30,0
2013-01-31,0
2013-02-01,1055
2013-02-02,0
2013-02-03,1927
2013-02-04,361
2013-02-05,167
2013-02-06,613
2013-02-07,251
2013-02-08,705
2013-02-09,0
2013-02-10,0
2013-02-11,545
2013-02-12,624
2013-02-13,648
2013-02-14,278
2013-02-15,147
2013-02-16,318
2013-02-17,937
2013-02-18,228
2013-02-19,1227
2013-02-20,166
2013-02-21,0
2013-02-22,1020
2013-02-23,377
2013-02-24,275
2013-02-25,295
2013-02-26,189
2013-02-27,822
2013-02-28,371
2013-03-01,874
2013-03-02,123
2013-03-03,160
2013-03-04,192
2013-03-05,288
2013-03-06,0
2013-03-07,0
2013-03-08,330
2013-03-09,0
2013-03-10,0
2013-03-11,0
2013-03-12,0
2013-03-13,503
2013-03-14,0
2013-03-15,816
2013-03-16,513
2013-03-17,797
2013-03-18,83
2013-03-19,0
2013-03-20,0
2013-03-21,62
2013-03-22,1837
2013-03-23,486
2013-03-24,189
2013-03-25,0
2013-03-26,732
2013-03-27,1965
2013-03-28,150
2013-03-29,903
2013-03-30,0
2013-03-31,0
2013-04-01,336
2013-04-02,631
2013-04-03,0
2013-04-04,0
2013-04-05,146
2013-04-06,0
2013-04-07,1560
2013-04-08,473
2013-04-09,0
2013-04-10,0
2013-04-11,0
2013-04-12,334
2013-04-13,1819
2013-04-14,0
2013-04-15,125
2013-04-16,0
2013-04-17,125
2013-04-18,1297
2013-04-19,382
2013-04-20,0
2013-04-21,333
2013-04-22,0
2013-04-23,1005
2013-04-24,0
2013-04-25,19
2013-04-26,0
2013-04-27,81
2013-04-28,125
2013-04-29,0
2013-04-30,0
2013-05-01,0
2013-05-02,0
2013-05-03,295
2013-05-04,0
2013-05-05,0
2013-05-06,0
2013-05-07,0
2013-05-08,867
2013-05-09,935
2013-05-10,0
2013-05-11,0
2013-05-12,0
2013-05-13,586
2013-05-14,1111
2013-05-15,498
2013-05-16,468
2013-05-17,0
2013-05-18,727
2013-05-19,1418
2013-05-20,1163
2013-05-21,0
2013-05-22,186
2013-05-23,1380
2013-05-24,101
2013-05-25,130
2013-05-26,166
2013-05-27,106
2013-05-28,84
2013-05-29,623
2013-05-30,607
2013-05-31,211
2013-06-01,230
2013-06-02,271
2013-06-03,501
2013-06-04,397
2013-06-05,460
2013-06-06,389
2013-06-07,423
2013-06-08,539
2013-06-09,420
2013-06-10,507
2013-06-11,474
2013-06-12,252
2013-06-13,0
2013-06-14,393
2013-06-15,1400
2013-06-16,129
2013-06-17,619
2013-06-18,0
2013-06-19,844
2013-06-20,1234
2013-06-21,255
2013-06-22,195
2013-06-23,287
2013-06-24,465
2013-06-25,789
2013-06-26,672
2013-06-27,145
2013-06-28,946
2013-06-29,84
2013-06-30,582
2013-07-01,247
2013-07-02,1688
2013-07-03,800
2013-07-04,0
2013-07-05,774
2013-07-06,296
2013-07-07,378
2013-07-08,729
2013-07-09,102
2013-07-10,734
2013-07-11,387
2013-07-12,428
2013-07-13,440
2013-07-14,208
2013-07-15,212
2013-07-16,790
2013-07-17,662
2013-07-18,463
2013-07-19,375
2013-07-20,0
2013-07-21,0
2013-07-22,394
2013-07-23,608
2013-07-24,315
2013-07-25,215
2013-07-26,669
2013-07-27,360
2013-07-28,331
2013-07-29,331
2013-07-30,0
2013-07-31,0
2013-08-01,1969
2013-08-02,1104
2013-08-03,288
2013-08-04,104
2013-08-05,0
2013-08-06,375
2013-08-07,0
2013-08-08,229
2013-08-09,0
2013-08-10,335
2013-08-11,1134
2013-08-12,248
2013-08-13,413
2013-08-14,439
2013-08-15,507
2013-08-16,0
2013-08-17,167
2013-08-18,0
2013-08-19,0
2013-08-20,207
2013-08-21,0
2013-08-22,1225
2013-08-23,0
2013-08-24,441
2013-08-25,292
2013-08-26,227
2013-08-27,270
2013-08-28,312
2013-08-29,2313
2013-08-30,0
2013-08-31,246
2013-09-01,0
2013-09-02,0
2013-09-03,314
2013-09-04,639
2013-09-05,268
2013-09-06,0
2013-09-07,1471
2013-09-08,0
2013-09-09,0
2013-09-10,822
2013-09-11,19
2013-09-12,380
2013-09-13,340
2013-09-14,263
2013-09-15,391
2013-09-16,241
2013-09-17,22
2013-09-18,0
2013-09-19,0
2013-09-20,0
2013-09-21,0
2013-09-22,123
2013-09-23,0
2013-09-24,0
2013-09-25,0
2013-09-26,0
2013-09-27,287
2013-09-28,211
2013-09-29,547
2013-09-30,512
2013-10-01,230
2013-10-02,0
2013-10-03,0
2013-10-04,163
2013-10-05,333
2013-10-06,460
2013-10-07,450
2013-10-08,0
2013-10-09,0
2013-10-10,1893
2013-10-11,430
2013-10-12,42
2013-10-13,81
2013-10-14,500
2013-10-15,689
2013-10-16,825
2013-10-17,868
2013-10-18,230
2013-10-19,0
2013-10-20,430
2013-10-21,144
2013-10-22,398
2013-10-23,210
2013-10-24,0
2013-10-25,226
2013-10-26,830
2013-10-27,480
2013-10-28,667
2013-10-29,0
2013-10-30,278
2013-10-31,686
2013-11-01,1012
2013-11-02,1077
2013-11-03,0
2013-11-04,0
2013-11-05,1107
2013-11-06,0
2013-11-07,498
2013-11-08,233
2013-11-09,0
2013-11-10,0
2013-11-11,0
2013-11-12,1770
2013-11-13,169
2013-11-14,0
2013-11-15,103
2013-11-16,1167
2013-11-17,330
2013-11-18,352
2013-11-19,210
2013-11-20,0
2013-11-21,602
2013-11-22,747
2013-11-23,586
2013-11-24,788
2013-11-25,0
2013-11-26,0
2013-11-27,0
2013-11-28,980
2013-11-29,232
2013-11-30,61
2013-12-01,410
2013-12-02,970
2013-12-03,434
2013-12-04,569
2013-12-05,105
2013-12-06,0
2013-12-07,0
2013-12-08,1907
2013-12-09,917
2013-12-10,0
2013-12-11,0
2013-12-12,0
2013-12-13,0
2013-12-14,357
2013-12-15,0
2013-12-16,181
2013-12-17,61
2013-12-18,236
2013-12-19,423
2013-12-20,211
2013-12-21,250
2013-12-22,0
2013-12-23,378
2013-12-24,62
2013-12-25,22
2013-12-26,251
2013-12-27,184
2013-12-28,0
2013-12-29,42
2013-12-30,1147
2013-12-31,0
2014-01-01,0
2014-01-02,0
2014-01-03,308
2014-01-04,152
2014-01-05,555
2014-01-06,229
2014-01-07,0
2014-01-08,63
2014-01-09,715
2014-01-10,186
2014-01-11,125
2014-01-12,0
2014-01-13,452
2014-01-14,615
2014-01-15,211
2014-01-16,314
2014-01-17,293
2014-01-18,0
2014-01-19,340
2014-01-20,2605
2014-01-21,540
2014-01-22,35
2014-01-23,19
2014-01-24,580
2014-01-25,2642
2014-01-26,339
2014-01-27,87
2014-01-28,0
2014-01-29,448
2014-01-30,593
2014-01-31,546
2014-02-01,399
2014-02-02,0
2014-02-03,0
2014-02-04,39
2014-02-05,557
2014-02-06,0
2014-02-07,103
2014-02-08,0
2014-02-09,61
2014-02-10,705
2014-02-11,0
2014-02-12,0
2014-02-13,81
2014-02-14,0
2014-02-15,1397
2014-02-16,573
2014-02-17,168
2014-02-18,0
2014-02-19,0
2014-02-20,1757
2014-02-21,1991
2014-02-22,461
2014-02-23,0
2014-02-24,0
2014-02-25,1578
2014-02-26,0
2014-02-27,207
2014-02-28,481
2014-03-01,0
2014-03-02,412
2014-03-03,687
2014-03-04,146
2014-03-05,1089
2014-03-06,22
2014-03-07,0
2014-03-08,1475
2014-03-09,337
2014-03-10,355
2014-03-11,0
2014-03-12,0
2014-03-13,322
2014-03-14,0
2014-03-15,61
2014-03-16,86
2014-03-17,0
2014-03-18,314
2014-03-19,1462
2014-03-20,481
2014-03-21,458
2014-03-22,83
2014-03-23,208
2014-03-24,205
2014-03-25,0
2014-03-26,63
2014-03-27,66
2014-03-28,0
2014-03-29,479
2014-03-30,420
2014-03-31,382
2014-04-01,748
2014-04-02,0
2014-04-03,381
2014-04-04,1201
2014-04-05,665
2014-04-06,376
2014-04-07,0
2014-04-08,229
2014-04-09,743
2014-04-10,1160
2014-04-11,84
2014-04-12,376
2014-04-13,0
2014-04-14,524
2014-04-15,1799
2014-04-16,182
2014-04-17,60
2014-04-18,0
2014-04-19,977
2014-04-20,373
2014-04-21,324
2014-04-22,0
2014-04-23,0
2014-04-24,0
2014-04-25,579
2014-04-26,42
2014-04-27,893
2014-04-28,294
2014-04-29,85
2014-04-30,248
2014-05-01,522
2014-05-02,20
2014-05-03,0
2014-05-04,105
2014-05-05,20
2014-05-06,207
2014-05-07,0
2014-05-08,0
2014-05-09,313
2014-05-10,247
2014-05-11,209
2014-05-12,500
2014-05-13,894
2014-05-14,381
2014-05-15,43
2014-05-16,616
2014-05-17,357
2014-05-18,145
2014-05-19,215
2014-05-20,0
2014-05-21,440
2014-05-22,271
2014-05-23,206
2014-05-24,356
2014-05-25,457
2014-05-26,168
2014-05-27,440
2014-05-28,396
2014-05-29,86
2014-05-30,208
2014-05-31,0
2014-06-01,499
2014-06-02,377
2014-06-03,128
2014-06-04,0
2014-06-05,0
2014-06-06,0
2014-06-07,610
2014-06-08,0
2014-06-09,340
2014-06-10,167
2014-06-11,308
2014-06-12,1749
2014-06-13,0
2014-06-14,0
2014-06-15,777
2014-06-16,312
2014-06-17,82
2014-06-18,0
2014-06-19,148
2014-06-20,0
2014-06-21,21
2014-06-22,383
2014-06-23,743
2014-06-24,291
2014-06-25,269
2014-06-26,0
2014-06-27,383
2014-06-28,410
2014-06-29,293
2014-06-30,249
2014-07-01,252
2014-07-02,247
2014-07-03,823
2014-07-04,587
2014-07-05,522
2014-07-06,669
2014-07-07,0
2014-07-08,652
2014-07-09,631
2014-07-10,451
2014-07-11,584
2014-07-12,145
2014-07-13,208
2014-07-14,950
2014-07-15,440
2014-07-16,464
2014-07-17,310
2014-07-18,213
2014-07-19,208
2014-07-20,42
2014-07-21,0
2014-07-22,257
2014-07-23,0
2014-07-24,828
2014-07-25,0
2014-07-26,43
2014-07-27,0
2014-07-28,270
2014-07-29,270
2014-07-30,706
2014-07-31,356
2014-08-01,277
2014-08-02,251
2014-08-03,0
2014-08-04,699
2014-08-05,0
2014-08-06,0
2014-08-07,0
2014-08-08,0
2014-08-09,272
2014-08-10,497
2014-08-11,0
2014-08-12,0
2014-08-13,0
2014-08-14,0
2014-08-15,263
2014-08-16,183
2014-08-17,0
2014-08-18,0
2014-08-19,0
2014-08-20,530
2014-08-21,417
2014-08-22,752
2014-08-23,0
2014-08-24,146
2014-08-25,-1
2014-08-26,1665
2014-08-27,0
2014-08-28,455
2014-08-29,0
2014-08-30,0
2014-08-31,0
2014-09-01,0
2014-09-02,0
2014-09-03,65
2014-09-04,0
2014-09-05,792
2014-09-06,0
2014-09-07,171
2014-09-08,251
2014-09-09,42
2014-09-10,61
2014-09-11,1344
2014-09-12,346
2014-09-13,439
2014-09-14,104
2014-09-15,0
2014-09-16,368
2014-09-17,1246
2014-09-18,275
2014-09-19,0
2014-09-20,0
2014-09-21,209
2014-09-22,42
2014-09-23,545
2014-09-24,335
2014-09-25,0
2014-09-26,0
2014-09-27,541
2014-09-28,2856
2014-09-29,304
2014-09-30,0
2014-10-01,80
2014-10-02,0
2014-10-03,0
2014-10-04,0
2014-10-05,0
2014-10-06,0
2014-10-07,504
2014-10-08,750
2014-10-09,482
2014-10-10,267
2014-10-11,277
2014-10-12,147
2014-10-13,1664
2014-10-14,823
2014-10-15,0
2014-10-16,0
2014-10-17,0
2014-10-18,1111
2014-10-19,1732
2014-10-20,351
2014-10-21,0
2014-10-22,250
2014-10-23,0
2014-10-24,336
2014-10-25,1215
2014-10-26,40
2014-10-27,0
2014-10-28,0
2014-10-29,1368
2014-10-30,1516
2014-10-31,0
2014-11-01,0
2014-11-02,0
2014-11-03,1228
2014-11-04,512
2014-11-05,0
2014-11-06,164
2014-11-07,0
2014-11-08,187
2014-11-09,834
2014-11-10,859
2014-11-11,633
2014-11-12,0
2014-11-13,102
2014-11-14,1597
2014-11-15,0
2014-11-16,0
2014-11-17,0
2014-11-18,0
2014-11-19,444
2014-11-20,314
2014-11-21,629
2014-11-22,486
2014-11-23,0
2014-11-24,166
2014-11-25,857
2014-11-26,792
2014-11-27,0
2014-11-28,0
2014-11-29,289
2014-11-30,0
2014-12-01,0
2014-12-02,0
2014-12-03,0
2014-12-04,41
2014-12-05,839
2014-12-06,243
2014-12-07,0
2014-12-08,0
2014-12-09,0
2014-12-10,393
2014-12-11,901
2014-12-12,379
2014-12-13,495
2014-12-14,168
2014-12-15,256
2014-12-16,371
2014-12-17,81
2014-12-18,148
2014-12-19,0
2014-12-20,0
2014-12-21,1796
2014-12-22,188
2014-12-23,40
2014-12-24,0
2014-12-25,0
2014-12-26,544
2014-12-27,1565
2014-12-28,422
2014-12-29,21
2014-12-30,0
2014-12-31,1005
2015-01-01,644
2015-01-02,877
2015-01-03,166
2015-01-04,104
2015-01-05,333
2015-01-06,511
2015-01-07,448
2015-01-08,665
2015-01-09,0
2015-01-10,0
2015-01-11,0
2015-01-12,82
2015-01-13,0
2015-01-14,501
2015-01-15,0
2015-01-16,522
2015-01-17,642
2015-01-18,778
2015-01-19,0
2015-01-20,170
2015-01-21,0
2015-01-22,1191
2015-01-23,340
2015-01-24,811
2015-01-25,293
2015-01-26,157
2015-01-27,624
2015-01-28,1072
2015-01-29,648
2015-01-30,0
2015-01-31,84
2015-02-01,1037
2015-02-02,765
2015-02-03,923
2015-02-04,457
2015-02-05,290
2015-02-06,0
2015-02-07,1347
2015-02-08,0
2015-02-09,793
2015-02-10,0
2015-02-11,0
2015-02-12,0
2015-02-13,0
2015-02-14,694
2015-02-15,0
2015-02-16,0
2015-02-17,284
2015-02-18,420
2015-02-19,81
2015-02-20,231
2015-02-21,0
2015-02-22,0
2015-02-23,509
2015-02-24,2670
2015-02-25,568
2015-02-26,63
2015-02-27,0
2015-02-28,169
2015-03-01,506
2015-03-02,1016
2015-03-03,0
2015-03-04,106
2015-03-05,852
2015-03-06,485
2015-03-07,293
2015-03-08,265
2015-03-09,134
2015-03-10,165
2015-03-11,1090
2015-03-12,665
2015-03-13,1111
2015-03-14,0
2015-03-15,149
2015-03-16,1343
2015-03-17,727
2015-03-18,1020
2015-03-19,523
2015-03-20,0
2015-03-21,171
2015-03-22,1454
2015-03-23,186
2015-03-24,1034
2015-03-25,63
2015-03-26,0
2015-03-27,300
2015-03-28,1831
2015-03-29,1307
2015-03-30,0
2015-03-31,0
2015-04-01,253
2015-04-02,691
2015-04-03,0
2015-04-04,0
2015-04-05,0
2015-04-06,122
2015-04-07,561
2015-04-08,145
2015-04-09,0
2015-04-10,0
2015-04-11,0
2015-04-12,563
2015-04-13,62
2015-04-14,0
2015-04-15,0
2015-04-16,231
2015-04-17,209
2015-04-18,666
2015-04-19,1454
2015-04-20,0
2015-04-21,0
2015-04-22,558
2015-04-23,366
2015-04-24,144
2015-04-25,590
2015-04-26,0
2015-04-27,0
2015-04-28,438
2015-04-29,680
2015-04-30,0
2015-05-01,0
2015-05-02,0
2015-05-03,124
2015-05-04,584
2015-05-05,83
2015-05-06,0
2015-05-07,0
2015-05-08,688
2015-05-09,63
2015-05-10,185
2015-05-11,0
2015-05-12,206
2015-05-13,230
2015-05-14,1384
2015-05-15,508
2015-05-16,1147
2015-05-17,0
2015-05-18,0
2015-05-19,41
2015-05-20,0
2015-05-21,42
2015-05-22,166
2015-05-23,167
2015-05-24,1511
2015-05-25,0
2015-05-26,420
2015-05-27,268
2015-05-28,204
2015-05-29,124
2015-05-30,769
2015-05-31,491
2015-06-01,0
2015-06-02,64
2015-06-03,0
2015-06-04,1248
2015-06-05,293
2015-06-06,374
2015-06-07,469
2015-06-08,0
2015-06-09,458
2015-06-10,566
2015-06-11,206
2015-06-12,0
2015-06-13,0
2015-06-14,0
2015-06-15,166
2015-06-16,0
2015-06-17,249
2015-06-18,670
2015-06-19,0
2015-06-20,896
2015-06-21,552
2015-06-22,706
2015-06-23,0
2015-06-24,0
2015-06-25,194
2015-06-26,0
2015-06-27,166
2015-06-28,294
2015-06-29,171
2015-06-30,306
2015-07-01,211
2015-07-02,22
2015-07-03,546
2015-07-04,22
2015-07-05,167
2015-07-06,1105
2015-07-07,443
2015-07-08,354
2015-07-09,351
2015-07-10,171
2015-07-11,718
2015-07-12,686
2015-07-13,252
2015-07-14,289
2015-07-15,241
2015-07-16,376
2015-07-17,831
2015-07-18,766
2015-07-19,0
2015-07-20,205
2015-07-21,0
2015-07-22,733
2015-07-23,603
2015-07-24,681
2015-07-25,0
2015-07-26,0
2015-07-27,1826
2015-07-28,463
2015-07-29,1234
2015-07-30,443
2015-07-31,84
2015-08-01,312
2015-08-02,785
2015-08-03,1161
2015-08-04,0
2015-08-05,170
2015-08-06,0
2015-08-07,603
2015-08-08,355
2015-08-09,39
2015-08-10,19
2015-08-11,0
2015-08-12,505
2015-08-13,1430
2015-08-14,0
2015-08-15,516
2015-08-16,233
2015-08-17,124
2015-08-18,405
2015-08-19,442
2015-08-20,1089
2015-08-21,0
2015-08-22,141
2015-08-23,606
2015-08-24,1974
2015-08-25,509
2015-08-26,290
2015-08-27,185
2015-08-28,0
2015-08-29,462
2015-08-30,0
2015-08-31,0
2015-09-01,86
2015-09-02,0
2015-09-03,0
2015-09-04,0
2015-09-05,0
2015-09-06,64
2015-09-07,0
2015-09-08,761
2015-09-09,289
2015-09-10,1729
2015-09-11,495
2015-09-12,0
2015-09-13,320
2015-09-14,1206
2015-09-15,523
2015-09-16,920
2015-09-17,0
2015-09-18,0
2015-09-19,1524
2015-09-20,650
2015-09-21,568
2015-09-22,397
2015-09-23,62
2015-09-24,0
2015-09-25,0
2015-09-26,0
2015-09-27,327
2015-09-28,0
2015-09-29,335
2015-09-30,82
2015-10-01,0
2015-10-02,208
2015-10-03,43
2015-10-04,44
2015-10-05,1319
2015-10-06,776
2015-10-07,380
2015-10-08,103
2015-10-09,0
2015-10-10,318
2015-10-11,289
2015-10-12,1059
2015-10-13,391
2015-10-14,0
2015-10-15,659
2015-10-16,577
2015-10-17,2518
2015-10-18,483
2015-10-19,81
2015-10-20,0
2015-10-21,1781
2015-10-22,531
2015-10-23,1258
2015-10-24,0
2015-10-25,0
2015-10-26,520
2015-10-27,0
2015-10-28,0
2015-10-29,44
2015-10-30,0
2015-10-31,40
2015-11-01,185
2015-11-02,230
2015-11-03,213
2015-11-04,0
2015-11-05,0
2015-11-06,369
2015-11-07,474
2015-11-08,556
2015-11-09,0
2015-11-10,0
2015-11-11,1286
2015-11-12,292
2015-11-13,266
2015-11-14,0
2015-11-15,0
2015-11-16,82
2015-11-17,0
2015-11-18,768
2015-11-19,0
2015-11-20,400
2015-11-21,0
2015-11-22,655
2015-11-23,191
2015-11-24,699
2015-11-25,0
2015-11-26,0
2015-11-27,876
2015-11-28,1762
2015-11-29,712
2015-11-30,251
2015-12-01,0
2015-12-02,233
2015-12-03,743
2015-12-04,0
2015-12-05,667
2015-12-06,42
2015-12-07,192
2015-12-08,955
2015-12-09,251
2015-12-10,1442
2015-12-11,0
2015-12-12,0
2015-12-13,1125
2015-12-14,0
2015-12-15,0
2015-12-16,165
2015-12-17,0
2015-12-18,1005
2015-12-19,0
2015-12-20,590
2015-12-21,20
2015-12-22,552
2015-12-23,248
2015-12-24,549
2015-12-25,278
2015-12-26,319
2015-12-27,106
2015-12-28,0
2015-12-29,1795
2015-12-30,624
2015-12-31,573
2016-01-01,21
2016-01-02,0
2016-01-03,640
2016-01-04,768
2016-01-05,296
2016-01-06,451
2016-01-07,416
2016-01-08,0
2016-01-09,0
2016-01-10,0
2016-01-11,0
2016-01-12,267
2016-01-13,0
2016-01-14,0
2016-01-15,461
2016-01-16,0
2016-01-17,0
2016-01-18,0
2016-01-19,1172
2016-01-20,670
2016-01-21,0
2016-01-22,0
2016-01-23,63
2016-01-24,64
2016-01-25,430
2016-01-26,0
2016-01-27,0
2016-01-28,500
2016-01-29,0
2016-01-30,792
2016-01-31,0
2016-02-01,163
2016-02-02,459
2016-02-03,0
2016-02-04,430
2016-02-05,395
2016-02-06,825
2016-02-07,102
2016-02-08,0
2016-02-09,330
2016-02-10,552
2016-02-11,570
2016-02-12,1027
2016-02-13,40
2016-02-14,61
2016-02-15,401
2016-02-16,790
2016-02-17,0
2016-02-18,643
2016-02-19,0
2016-02-20,0
2016-02-21,0
2016-02-22,0
2016-02-23,0
2016-02-24,82
2016-02-25,378
2016-02-26,839
2016-02-27,810
2016-02-28,893
2016-02-29,186
2016-03-01,0
2016-03-02,689
2016-03-03,0
2016-03-04,1485
2016-03-05,353
2016-03-06,255
2016-03-07,127
2016-03-08,2306
2016-03-09,2064
2016-03-10,2347
2016-03-11,0
2016-03-12,926
2016-03-13,1206
2016-03-14,488
2016-03-15,205
2016-03-16,0
2016-03-17,22
2016-03-18,850
2016-03-19,1523
2016-03-20,377
2016-03-21,437
2016-03-22,40
2016-03-23,312
2016-03-24,792
2016-03-25,1067
2016-03-26,22
2016-03-27,0
2016-03-28,414
2016-03-29,2186
2016-03-30,248
2016-03-31,0
2016-04-01,0
2016-04-02,45
2016-04-03,64
2016-04-04,0
2016-04-05,516
2016-04-06,0
2016-04-07,0
2016-04-08,1237
2016-04-09,2684
2016-04-10,1523
2016-04-11,128
2016-04-12,0
2016-04-13,105
2016-04-14,231
2016-04-15,0
2016-04-16,353
2016-04-17,22
2016-04-18,101
2016-04-19,328
2016-04-20,0
2016-04-21,293
2016-04-22,834
2016-04-23,0
2016-04-24,460
2016-04-25,40
2016-04-26,0
2016-04-27,0
2016-04-28,0
2016-04-29,20
2016-04-30,230
2016-05-01,1783
2016-05-02,0
2016-05-03,0
2016-05-04,0
2016-05-05,207
2016-05-06,317
2016-05-07,380
2016-05-08,274
2016-05-09,0
2016-05-10,364
2016-05-11,321
2016-05-12,141
2016-05-13,355
2016-05-14,84
2016-05-15,434
2016-05-16,482
2016-05-17,773
2016-05-18,0
2016-05-19,0
2016-05-20,82
2016-05-21,169
2016-05-22,1309
2016-05-23,233
2016-05-24,274
2016-05-25,0
2016-05-26,0
2016-05-27,868
2016-05-28,0
2016-05-29,0
2016-05-30,21
2016-05-31,0
2016-06-01,188
2016-06-02,210
2016-06-03,255
2016-06-04,167
2016-06-05,186
2016-06-06,293
2016-06-07,437
2016-06-08,466
2016-06-09,191
2016-06-10,149
2016-06-11,2066
2016-06-12,436
2016-06-13,63
2016-06-14,90
2016-06-15,61
2016-06-16,484
2016-06-17,0
2016-06-18,100
2016-06-19,260
2016-06-20,0
2016-06-21,0
2016-06-22,310
2016-06-23,251
2016-06-24,315
2016-06-25,375
2016-06-26,173
2016-06-27,736
2016-06-28,565
2016-06-29,510
2016-06-30,472
2016-07-01,355
2016-07-02,362
2016-07-03,810
2016-07-04,1634
2016-07-05,1238
2016-07-06,312
2016-07-07,0
2016-07-08,944
2016-07-09,523
2016-07-10,1234
2016-07-11,609
2016-07-12,0
2016-07-13,416
2016-07-14,362
2016-07-15,191
2016-07-16,414
2016-07-17,357
2016-07-18,341
2016-07-19,208
2016-07-20,245
2016-07-21,419
2016-07-22,227
2016-07-23,0
2016-07-24,359
2016-07-25,0
2016-07-26,356
2016-07-27,1106
2016-07-28,0
2016-07-29,1254
2016-07-30,664
2016-07-31,278
2016-08-01,580
2016-08-02,376
2016-08-03,294
2016-08-04,426
2016-08-05,228
2016-08-06,85
2016-08-07,297
2016-08-08,0
2016-08-09,400
2016-08-10,568
2016-08-11,570
2016-08-12,923
2016-08-13,0
2016-08-14,63
2016-08-15,0
2016-08-16,314
2016-08-17,569
2016-08-18,291
2016-08-19,1071
2016-08-20,775
2016-08-21,724
2016-08-22,1678
2016-08-23,342
2016-08-24,246
2016-08-25,814
2016-08-26,416
2016-08-27,565
2016-08-28,541
2016-08-29,187
2016-08-30,665
2016-08-31,787
2016-09-01,861
2016-09-02,899
2016-09-03,0
2016-09-04,0
2016-09-05,125
2016-09-06,932
2016-09-07,491
2016-09-08,0
2016-09-09,0
2016-09-10,545
2016-09-11,123
2016-09-12,559
2016-09-13,0
2016-09-14,0
2016-09-15,0
2016-09-16,227
2016-09-17,191
2016-09-18,2247
2016-09-19,0
2016-09-20,605
2016-09-21,308
2016-09-22,336
2016-09-23,248
2016-09-24,0
2016-09-25,0
2016-09-26,272
2016-09-27,0
2016-09-28,381
2016-09-29,422
2016-09-30,0
2016-10-01,127
2016-10-02,0
2016-10-03,896
2016-10-04,0
2016-10-05,0
2016-10-06,0
2016-10-07,619
2016-10-08,990
2016-10-09,371
2016-10-10,293
2016-10-11,82
2016-10-12,537
2016-10-13,760
2016-10-14,438
2016-10-15,554
2016-10-16,61
2016-10-17,1445
2016-10-18,206
2016-10-19,163
2016-10-20,230
2016-10-21,165
2016-10-22,295
2016-10-23,41
2016-10-24,1185
2016-10-25,423
2016-10-26,0
2016-10-27,0
2016-10-28,856
2016-10-29,0
2016-10-30,788
2016-10-31,229
2016-11-01,0
2016-11-02,106
2016-11-03,0
2016-11-04,520
2016-11-05,0
2016-11-06,0
2016-11-07,0
2016-11-08,0
2016-11-09,345
2016-11-10,41
2016-11-11,50
2016-11-12,102
2016-11-13,1439
2016-11-14,20
2016-11-15,240
2016-11-16,0
2016-11-17,0
2016-11-18,1784
2016-11-19,1786
2016-11-20,22
2016-11-21,187
2016-11-22,210
2016-11-23,0
2016-11-24,1225
2016-11-25,0
2016-11-26,458
2016-11-27,42
2016-11-28,145
2016-11-29,190
2016-11-30,272
2016-12-01,608
2016-12-02,0
2016-12-03,42
2016-12-04,0
2016-12-05,1451
2016-12-06,442
2016-12-07,586
2016-12-08,0
2016-12-09,472
2016-12-10,168
2016-12-11,420
2016-12-12,0
2016-12-13,346
2016-12-14,0
2016-12-15,206
2016-12-16,646
2016-12-17,1084
2016-12-18,168
2016-12-19,43
2016-12-20,1626
2016-12-21,688
2016-12-22,328
2016-12-23,789
2016-12-24,0
2016-12-25,165
2016-12-26,309
2016-12-27,387
2016-12-28,742
2016-12-29,171
2016-12-30,0
2016-12-31,801
2017-01-01,83
2017-01-02,0
2017-01-03,186
2017-01-04,21
2017-01-05,330
2017-01-06,1020
2017-01-07,746
2017-01-08,478
2017-01-09,117
2017-01-10,541
2017-01-11,702
2017-01-12,336
2017-01-13,867
2017-01-14,439
2017-01-15,0
2017-01-16,762
2017-01-17,850
2017-01-18,422
2017-01-19,357
2017-01-20,317
2017-01-21,41
2017-01-22,338
2017-01-23,333
2017-01-24,482
2017-01-25,146
2017-01-26,785
2017-01-27,0
2017-01-28,473
2017-01-29,569
2017-01-30,169
2017-01-31,0
2017-02-01,687
2017-02-02,0
2017-02-03,1096
2017-02-04,628
2017-02-05,60
2017-02-06,1483
2017-02-07,520
2017-02-08,360
2017-02-09,618
2017-02-10,229
2017-02-11,929
2017-02-12,472
2017-02-13,372
2017-02-14,189
2017-02-15,122
2017-02-16,0
2017-02-17,143
2017-02-18,2137
2017-02-19,339
2017-02-20,250
2017-02-21,0
2017-02-22,383
2017-02-23,228
2017-02-24,190
2017-02-25,308
2017-02-26,285
2017-02-27,640
2017-02-28,186
2017-03-01,1453
2017-03-02,559
2017-03-03,0
2017-03-04,169
2017-03-05,437
2017-03-06,0
2017-03-07,376
2017-03-08,0
2017-03-09,0
2017-03-10,253
2017-03-11,627
2017-03-12,667
2017-03-13,542
2017-03-14,208
2017-03-15,169
2017-03-16,0
2017-03-17,320
2017-03-18,128
2017-03-19,43
2017-03-20,0
2017-03-21,915
2017-03-22,442
2017-03-23,911
2017-03-24,349
2017-03-25,0
2017-03-26,374
2017-03-27,337
2017-03-28,353
2017-03-29,127
2017-03-30,0
2017-03-31,407
2017-04-01,740
2017-04-02,1054
2017-04-03,503
2017-04-04,187
2017-04-05,0
2017-04-06,390
2017-04-07,837
2017-04-08,279
2017-04-09,263
2017-04-10,0
2017-04-11,0
2017-04-12,2451
2017-04-13,530
2017-04-14,127
2017-04-15,244
2017-04-16,109
2017-04-17,401
2017-04-18,1174
2017-04-19,0
2017-04-20,312
2017-04-21,0
2017-04-22,316
2017-04-23,314
2017-04-24,419
2017-04-25,0
2017-04-26,0
2017-04-27,420
2017-04-28,251
2017-04-29,0
2017-04-30,0
2017-05-01,0
2017-05-02,108
2017-05-03,184
2017-05-04,555
2017-05-05,20
2017-05-06,148
2017-05-07,0
2017-05-08,384
2017-05-09,129
2017-05-10,862
2017-05-11,289
2017-05-12,0
2017-05-13,331
2017-05-14,604
2017-05-15,448
2017-05-16,568
2017-05-17,0
2017-05-18,393
2017-05-19,189
2017-05-20,334
2017-05-21,987
2017-05-22,22
2017-05-23,0
2017-05-24,886
2017-05-25,646
2017-05-26,874
2017-05-27,82
2017-05-28,253
2017-05-29,1709
2017-05-30,356
2017-05-31,936
2017-06-01,375
2017-06-02,0
2017-06-03,815
2017-06-04,456
2017-06-05,422
2017-06-06,607
2017-06-07,391
2017-06-08,0
2017-06-09,551
2017-06-10,659
2017-06-11,777
2017-06-12,538
2017-06-13,187
2017-06-14,471
2017-06-15,732
2017-06-16,336
2017-06-17,333
2017-06-18,146
2017-06-19,400
2017-06-20,606
2017-06-21,545
2017-06-22,535
2017-06-23,85
2017-06-24,65
2017-06-25,1009
2017-06-26,633
2017-06-27,504
2017-06-28,356
2017-06-29,0
2017-06-30,399
2017-07-01,270
2017-07-02,947
2017-07-03,374
2017-07-04,0
2017-07-05,168
2017-07-06,292
2017-07-07,567
2017-07-08,377
2017-07-09,213
2017-07-10,0
2017-07-11,461
2017-07-12,356
2017-07-13,565
2017-07-14,483
2017-07-15,0
2017-07-16,494
2017-07-17,976
2017-07-18,403
2017-07-19,0
2017-07-20,103
2017-07-21,653
2017-07-22,569
2017-07-23,0
2017-07-24,0
2017-07-25,271
2017-07-26,0
2017-07-27,873
2017-07-28,443
2017-07-29,970
2017-07-30,773
2017-07-31,145
2017-08-01,905
2017-08-02,0
2017-08-03,358
2017-08-04,0
2017-08-05,271
2017-08-06,272
2017-08-07,716
2017-08-08,0
2017-08-09,0
2017-08-10,519
2017-08-11,0
2017-08-12,255
2017-08-13,507
2017-08-14,0
2017-08-15,0
2017-08-16,0
2017-08-17,246
2017-08-18,1136
2017-08-19,20
2017-08-20,224
2017-08-21,230
2017-08-22,104
2017-08-23,191
2017-08-24,622
2017-08-25,20
2017-08-26,35
2017-08-27,0
2017-08-28,689
2017-08-29,920
2017-08-30,1473
2017-08-31,85
2017-09-01,0
2017-09-02,826
2017-09-03,0
2017-09-04,1755
2017-09-05,272
2017-09-06,0
2017-09-07,229
2017-09-08,0
2017-09-09,1779
2017-09-10,0
2017-09-11,578
2017-09-12,0
2017-09-13,0
2017-09-14,0
2017-09-15,1610
2017-09-16,0
2017-09-17,146
2017-09-18,991
2017-09-19,313
2017-09-20,354
2017-09-21,441
2017-09-22,257
2017-09-23,500
2017-09-24,20
2017-09-25,1274
2017-09-26,167
2017-09-27,186
2017-09-28,0
2017-09-29,42
2017-09-30,336
2017-10-01,344
2017-10-02,783
2017-10-03,0
2017-10-04,1168
2017-10-05,672
2017-10-06,942
2017-10-07,852
2017-10-08,0
2017-10-09,0
2017-10-10,970
2017-10-11,478
2017-10-12,0
2017-10-13,280
2017-10-14,0
2017-10-15,3014
2017-10-16,1245
2017-10-17,1317
2017-10-18,105
2017-10-19,0
2017-10-20,965
2017-10-21,1025
2017-10-22,623
2017-10-23,0
2017-10-24,230
2017-10-25,210
2017-10-26,729
2017-10-27,81
2017-10-28,0
2017-10-29,0
2017-10-30,0
2017-10-31,1198
2017-11-01,295
2017-11-02,65
2017-11-03,61
2017-11-04,0
2017-11-05,1369
2017-11-06,21
2017-11-07,0
2017-11-08,920
2017-11-09,20
2017-11-10,128
2017-11-11,946
2017-11-12,1752
2017-11-13,474
2017-11-14,145
2017-11-15,0
2017-11-16,230
2017-11-17,545
2017-11-18,464
2017-11-19,319
2017-11-20,0
2017-11-21,737
2017-11-22,1302
2017-11-23,1812
2017-11-24,0
2017-11-25,0
2017-11-26,330
2017-11-27,909
2017-11-28,874
2017-11-29,748
2017-11-30,952
2017-12-01,0
2017-12-02,1217
2017-12-03,773
2017-12-04,355
2017-12-05,1432
2017-12-06,0
2017-12-07,621
2017-12-08,2069
2017-12-09,436
2017-12-10,20
2017-12-11,748
2017-12-12,434
2017-12-13,651
2017-12-14,742
2017-12-15,1144
2017-12-16,292
2017-12-17,0
2017-12-18,1050
2017-12-19,755
2017-12-20,205
2017-12-21,908
2017-12-22,42
2017-12-23,392
2017-12-24,0
2017-12-25,1086
2017-12-26,169
2017-12-27,459
2017-12-28,0
2017-12-29,0
2017-12-30,317
2017-12-31,0
2018-01-01,274
2018-01-02,0
2018-01-03,0
2018-01-04,588
2018-01-05,0
2018-01-06,0
2018-01-07,0
2018-01-08,0
2018-01-09,699
2018-01-10,0
2018-01-11,0
2018-01-12,0
2018-01-13,63
2018-01-14,0
2018-01-15,0
2018-01-16,396
2018-01-17,0
2018-01-18,0
2018-01-19,40
2018-01-20,2071
2018-01-21,580
2018-01-22,84
2018-01-23,148
2018-01-24,0
2018-01-25,381
2018-01-26,277
2018-01-27,699
2018-01-28,0
2018-01-29,0
2018-01-30,314
2018-01-31,480
2018-02-01,546
2018-02-02,397
2018-02-03,0
2018-02-04,0
2018-02-05,1908
2018-02-06,22
2018-02-07,0
2018-02-08,0
2018-02-09,0
2018-02-10,0
2018-02-11,1428
2018-02-12,768
2018-02-13,0
2018-02-14,87
2018-02-15,609
2018-02-16,83
2018-02-17,0
2018-02-18,0
2018-02-19,0
2018-02-20,0
2018-02-21,1582
2018-02-22,333
2018-02-23,253
2018-02-24,0
2018-02-25,642
2018-02-26,1587
2018-02-27,1550
2018-02-28,0
2018-03-01,0
2018-03-02,1055
2018-03-03,0
2018-03-04,0
2018-03-05,0
2018-03-06,21
2018-03-07,0
2018-03-08,358
2018-03-09,0
2018-03-10,82
2018-03-11,0
2018-03-12,0
2018-03-13,328
2018-03-14,105
2018-03-15,0
2018-03-16,0
2018-03-17,0
2018-03-18,0
2018-03-19,0
2018-03-20,237
2018-03-21,0
2018-03-22,168
2018-03-23,0
2018-03-24,351
2018-03-25,291
2018-03-26,209
2018-03-27,145
2018-03-28,0
2018-03-29,62
2018-03-30,185
2018-03-31,0
2018-04-01,0
2018-04-02,0
2018-04-03,190
2018-04-04,0
2018-04-05,481
2018-04-06,43
2018-04-07,0
2018-04-08,0
2018-04-09,205
2018-04-10,417
2018-04-11,1277
2018-04-12,170
2018-04-13,0
2018-04-14,794
2018-04-15,0
2018-04-16,0
2018-04-17,0
2018-04-18,0
2018-04-19,0
2018-04-20,0
2018-04-21,0
2018-04-22,230
2018-04-23,188
2018-04-24,0
2018-04-25,0
2018-04-26,1283
2018-04-27,584
2018-04-28,0
2018-04-29,0
2018-04-30,128
2018-05-01,0
2018-05-02,1142
2018-05-03,122
2018-05-04,170
2018-05-05,401
2018-05-06,144
2018-05-07,255
2018-05-08,296
2018-05-09,330
2018-05-10,0
2018-05-11,1013
2018-05-12,1937
2018-05-13,927
2018-05-14,0
2018-05-15,0
2018-05-16,42
2018-05-17,227
2018-05-18,498
2018-05-19,86
2018-05-20,187
2018-05-21,0
2018-05-22,0
2018-05-23,0
2018-05-24,1334
2018-05-25,398
2018-05-26,0
2018-05-27,916
2018-05-28,600
2018-05-29,1070
2018-05-30,250
2018-05-31,0
2018-06-01,1255
2018-06-02,699
2018-06-03,0
2018-06-04,0
2018-06-05,0
2018-06-06,338
2018-06-07,1405
2018-06-08,412
2018-06-09,271
2018-06-10,123
2018-06-11,105
2018-06-12,1701
2018-06-13,456
2018-06-14,402
2018-06-15,832
2018-06-16,457
2018-06-17,1092
2018-06-18,773
2018-06-19,1137
2018-06-20,208
2018-06-21,149
2018-06-22,1223
2018-06-23,674
2018-06-24,1078
2018-06-25,0
2018-06-26,318
2018-06-27,316
2018-06-28,1103
2018-06-29,481
2018-06-30,292
2018-07-01,148
2018-07-02,0
2018-07-03,922
2018-07-04,850
2018-07-05,271
2018-07-06,407
2018-07-07,261
2018-07-08,950
2018-07-09,211
2018-07-10,1701
2018-07-11,694
2018-07-12,0
2018-07-13,0
2018-07-14,862
2018-07-15,509
2018-07-16,424
2018-07-17,970
2018-07-18,0
2018-07-19,1713
2018-07-20,1107
2018-07-21,719
2018-07-22,414
2018-07-23,504
2018-07-24,684
2018-07-25,20
2018-07-26,0
2018-07-27,2296
2018-07-28,879
2018-07-29,0
2018-07-30,0
2018-07-31,0
2018-08-01,1142
2018-08-02,976
2018-08-03,0
2018-08-04,664
2018-08-05,940
2018-08-06,0
2018-08-07,293
2018-08-08,553
2018-08-09,1374
2018-08-10,370
2018-08-11,518
2018-08-12,237
2018-08-13,453
2018-08-14,295
2018-08-15,1364
2018-08-16,705
2018-08-17,885
2018-08-18,0
2018-08-19,0
2018-08-20,0
2018-08-21,62
2018-08-22,0
2018-08-23,0
2018-08-24,0
2018-08-25,186
2018-08-26,0
2018-08-27,0
2018-08-28,0
2018-08-29,0
2018-08-30,0
2018-08-31,910
2018-09-01,206
2018-09-02,0
2018-09-03,0
2018-09-04,0
2018-09-05,362
2018-09-06,420
2018-09-07,1582
2018-09-08,43
2018-09-09,43
2018-09-10,248
2018-09-11,310
2018-09-12,445
2018-09-13,0
2018-09-14,408
2018-09-15,60
2018-09-16,911
2018-09-17,882
2018-09-18,708
2018-09-19,604
2018-09-20,0
2018-09-21,848
2018-09-22,957
2018-09-23,191
2018-09-24,738
2018-09-25,386
2018-09-26,208
2018-09-27,217
2018-09-28,81
2018-09-29,1037
2018-09-30,855
2018-10-01,0
2018-10-02,823
2018-10-03,0
2018-10-04,506
2018-10-05,289
2018-10-06,147
2018-10-07,409
2018-10-08,901
2018-10-09,0
2018-10-10,0
2018-10-11,0
2018-10-12,919
2018-10-13,129
2018-10-14,44
2018-10-15,501
2018-10-16,0
2018-10-17,63
2018-10-18,1457
2018-10-19,1429
2018-10-20,1238
2018-10-21,375
2018-10-22,249
2018-10-23,0
2018-10-24,398
2018-10-25,0
2018-10-26,123
2018-10-27,0
2018-10-28,0
2018-10-29,562
2018-10-30,42
2018-10-31,0
2018-11-01,0
2018-11-02,0
2018-11-03,1086
2018-11-04,313
2018-11-05,803
2018-11-06,464
2018-11-07,0
2018-11-08,125
2018-11-09,1552
2018-11-10,504
2018-11-11,306
2018-11-12,166
2018-11-13,192
2018-11-14,1493
2018-11-15,107
2018-11-16,1463
2018-11-17,0
2018-11-18,0
2018-11-19,1044
2018-11-20,752
2018-11-21,0
2018-11-22,44
2018-11-23,331
2018-11-24,0
2018-11-25,710
2018-11-26,604
2018-11-27,409
2018-11-28,128
2018-11-29,551
2018-11-30,42
2018-12-01,417
2018-12-02,835
2018-12-03,461
2018-12-04,0
2018-12-05,291
2018-12-06,463
2018-12-07,209
2018-12-08,0
2018-12-09,0
2018-12-10,144
2018-12-11,0
2018-12-12,1397
2018-12-13,1073
2018-12-14,240
2018-12-15,592
2018-12-16,1360
2018-12-17,409
2018-12-18,151
2018-12-19,0
2018-12-20,0
2018-12-21,740
2018-12-22,391
2018-12-23,0
2018-12-24,305
2018-12-25,0
2018-12-26,292
2018-12-27,322
2018-12-28,877
2018-12-29,515
2018-12-30,42
2018-12-31,289
2019-01-01,479
2019-01-02,496
2019-01-03,354
2019-01-04,665
2019-01-05,0
2019-01-06,665
2019-01-07,1452
2019-01-08,1147
2019-01-09,1490
2019-01-10,0
2019-01-11,933
2019-01-12,868
2019-01-13,895
2019-01-14,614
2019-01-15,101
2019-01-16,0
2019-01-17,1002
2019-01-18,438
2019-01-19,1387
2019-01-20,86
2019-01-21,0
2019-01-22,557
2019-01-23,22
2019-01-24,573
2019-01-25,1670
2019-01-26,0
2019-01-27,338
2019-01-28,1023
2019-01-29,752
2019-01-30,679
2019-01-31,624
2019-02-01,715
2019-02-02,1153
2019-02-03,441
2019-02-04,208
2019-02-05,0
2019-02-06,0
2019-02-07,743
2019-02-08,818
2019-02-09,271
2019-02-10,191
2019-02-11,0
2019-02-12,791
2019-02-13,1366
2019-02-14,340
2019-02-15,607
2019-02-16,0
2019-02-17,0
2019-02-18,420
2019-02-19,904
2019-02-20,353
2019-02-21,1062
2019-02-22,0
2019-02-23,595
2019-02-24,3049
2019-02-25,982
2019-02-26,1078
2019-02-27,312
2019-02-28,2422
2019-03-01,1131
2019-03-02,743
2019-03-03,401
2019-03-04,83
2019-03-05,193
2019-03-06,1250
2019-03-07,0
2019-03-08,416
2019-03-09,1230
2019-03-10,0
2019-03-11,1194
2019-03-12,537
2019-03-13,839
2019-03-14,314
2019-03-15,83
2019-03-16,2487
2019-03-17,627
2019-03-18,333
2019-03-19,416
2019-03-20,360
2019-03-21,830
2019-03-22,942
2019-03-23,238
2019-03-24,82
2019-03-25,1286
2019-03-26,0
2019-03-27,1499
2019-03-28,1109
2019-03-29,442
2019-03-30,0
2019-03-31,0
2019-04-01,966
2019-04-02,417
2019-04-03,742
2019-04-04,498
2019-04-05,164
2019-04-06,441
2019-04-07,290
2019-04-08,1520
2019-04-09,601
2019-04-10,333
2019-04-11,130
2019-04-12,1087
2019-04-13,1063
2019-04-14,927
2019-04-15,479
2019-04-16,0
2019-04-17,774
2019-04-18,318
2019-04-19,854
2019-04-20,186
2019-04-21,558
2019-04-22,88
2019-04-23,837
2019-04-24,541
2019-04-25,0
2019-04-26,0
2019-04-27,0
2019-04-28,885
2019-04-29,415
2019-04-30,520
2019-05-01,211
2019-05-02,0
2019-05-03,725
2019-05-04,62
2019-05-05,650
2019-05-06,227
2019-05-07,146
2019-05-08,170
2019-05-09,167
2019-05-10,81
2019-05-11,0
2019-05-12,334
2019-05-13,0
2019-05-14,335
2019-05-15,963
2019-05-16,338
2019-05-17,21
2019-05-18,129
2019-05-19,42
2019-05-20,0
2019-05-21,269
2019-05-22,170
2019-05-23,0
2019-05-24,59
2019-05-25,85
2019-05-26,570
2019-05-27,103
2019-05-28,255
2019-05-29,0
2019-05-30,695
2019-05-31,127
2019-06-01,269
2019-06-02,0
2019-06-03,0
2019-06-04,273
2019-06-05,567
2019-06-06,0
2019-06-07,486
2019-06-08,245
2019-06-09,82
2019-06-10,42
2019-06-11,194
2019-06-12,402
2019-06-13,168
2019-06-14,170
2019-06-15,864
2019-06-16,1424
2019-06-17,422
2019-06-18,277
2019-06-19,0
2019-06-20,525
2019-06-21,291
2019-06-22,251
2019-06-23,0
2019-06-24,99
2019-06-25,292
2019-06-26,0
2019-06-27,81
2019-06-28,147
2019-06-29,0
2019-06-30,0
2019-07-01,742
2019-07-02,661
2019-07-03,484
2019-07-04,524
2019-07-05,105
2019-07-06,545
2019-07-07,379
2019-07-08,269
2019-07-09,0
2019-07-10,0
2019-07-11,125
2019-07-12,0
2019-07-13,958
2019-07-14,144
2019-07-15,249
2019-07-16,0
2019-07-17,528
2019-07-18,396
2019-07-19,390
2019-07-20,0
2019-07-21,81
2019-07-22,662
2019-07-23,530
2019-07-24,0
2019-07-25,212
2019-07-26,127
2019-07-27,359
2019-07-28,148
2019-07-29,478
2019-07-30,0
2019-07-31,0
2019-08-01,109
2019-08-02,1196
2019-08-03,335
2019-08-04,376
2019-08-05,609
2019-08-06,0
2019-08-07,301
2019-08-08,1141
2019-08-09,572
2019-08-10,144
2019-08-11,0
2019-08-12,633
2019-08-13,414
2019-08-14,1451
2019-08-15,314
2019-08-16,606
2019-08-17,0
2019-08-18,1606
2019-08-19,359
2019-08-20,1261
2019-08-21,314
2019-08-22,105
2019-08-23,522
2019-08-24,20
2019-08-25,1186
2019-08-26,21
2019-08-27,20
2019-08-28,398
2019-08-29,695
2019-08-30,0
2019-08-31,0
2019-09-01,143
2019-09-02,0
2019-09-03,189
2019-09-04,399
2019-09-05,526
2019-09-06,0
2019-09-07,0
2019-09-08,436
2019-09-09,264
2019-09-10,642
2019-09-11,0
2019-09-12,0
2019-09-13,355
2019-09-14,403
2019-09-15,61
2019-09-16,44
2019-09-17,21
2019-09-18,0
2019-09-19,291
2019-09-20,398
2019-09-21,709
2019-09-22,20
2019-09-23,146
2019-09-24,586
2019-09-25,0
2019-09-26,0
2019-09-27,0
2019-09-28,243
2019-09-29,103
2019-09-30,677
2019-10-01,278
2019-10-02,627
2019-10-03,556
2019-10-04,128
2019-10-05,337
2019-10-06,0
2019-10-07,1163
2019-10-08,61
2019-10-09,0
2019-10-10,439
2019-10-11,142
2019-10-12,0
2019-10-13,315
2019-10-14,291
2019-10-15,62
2019-10-16,209
2019-10-17,41
2019-10-18,801
2019-10-19,0
2019-10-20,0
2019-10-21,2672
2019-10-22,1045
2019-10-23,987
2019-10-24,0
2019-10-25,0
2019-10-26,0
2019-10-27,776
2019-10-28,0
2019-10-29,750
2019-10-30,362
2019-10-31,247
2019-11-01,183
2019-11-02,1154
2019-11-03,789
2019-11-04,548
2019-11-05,147
2019-11-06,308
2019-11-07,229
2019-11-08,273
2019-11-09,813
2019-11-10,0
2019-11-11,583
2019-11-12,796
2019-11-13,247
2019-11-14,797
2019-11-15,84
2019-11-16,227
2019-11-17,1056
2019-11-18,1346
2019-11-19,1649
2019-11-20,445
2019-11-21,0
2019-11-22,938
2019-11-23,0
2019-11-24,0
2019-11-25,776
2019-11-26,668
2019-11-27,797
2019-11-28,0
2019-11-29,666
2019-11-30,1364
2019-12-01,0
2019-12-02,370
2019-12-03,0
2019-12-04,0
2019-12-05,43
2019-12-06,564
2019-12-07,0
2019-12-08,0
2019-12-09,231
2019-12-10,1061
2019-12-11,2357
2019-12-12,523
2019-12-13,807
2019-12-14,629
2019-12-15,1839
2019-12-16,1025
2019-12-17,170
2019-12-18,1019
2019-12-19,127
2019-12-20,1461
2019-12-21,557
2019-12-22,0
2019-12-23,43
2019-12-24,589
2019-12-25,0
2019-12-26,1890
2019-12-27,20
2019-12-28,0
2019-12-29,2356
2019-12-30,483
2019-12-31,189
2020-01-01,628
2020-01-02,599
2020-01-03,1476
2020-01-04,3444
2020-01-05,1959
2020-01-06,395
2020-01-07,595
2020-01-08,0
2020-01-09,1484
2020-01-10,316
2020-01-11,2755
2020-01-12,0
2020-01-13,312
2020-01-14,1493
2020-01-15,484
2020-01-16,0
2020-01-17,0
2020-01-18,0
2020-01-19,41
2020-01-20,479
2020-01-21,1492
2020-01-22,0
2020-01-23,0
2020-01-24,0
2020-01-25,0
2020-01-26,983
2020-01-27,0
2020-01-28,0
2020-01-29,0
2020-01-30,0
2020-01-31,0
2020-02-01,0
2020-02-02,0
2020-02-03,0
2020-02-04,84
2020-02-05,0
2020-02-06,2501
2020-02-07,379
2020-02-08,61
2020-02-09,168
2020-02-10,1014
2020-02-11,420
2020-02-12,898
2020-02-13,1007
2020-02-14,21
2020-02-15,2114
2020-02-16,1083
2020-02-17,896
2020-02-18,833
2020-02-19,731
2020-02-20,592
2020-02-21,860
2020-02-22,392
2020-02-23,0
2020-02-24,0
2020-02-25,0
2020-02-26,1693
2020-02-27,0
2020-02-28,169
2020-02-29,0
2020-03-01,146
2020-03-02,0
2020-03-03,518
2020-03-04,43
2020-03-05,0
2020-03-06,148
2020-03-07,437
2020-03-08,21
2020-03-09,79
2020-03-10,645
2020-03-11,0
2020-03-12,0
2020-03-13,0
2020-03-14,727
2020-03-15,787
2020-03-16,0
2020-03-17,126
2020-03-18,-1
2020-03-19,1591
2020-03-20,780
2020-03-21,891
2020-03-22,541
2020-03-23,383
2020-03-24,0
2020-03-25,1930
2020-03-26,0
2020-03-27,0
2020-03-28,0
2020-03-29,1172
2020-03-30,794
2020-03-31,1237
2020-04-01,247
2020-04-02,0
2020-04-03,1633
2020-04-04,1785
2020-04-05,1267
2020-04-06,0
2020-04-07,0
2020-04-08,205
2020-04-09,40
2020-04-10,168
2020-04-11,100
2020-04-12,0
2020-04-13,0
2020-04-14,500
2020-04-15,316
2020-04-16,0
2020-04-17,0
2020-04-18,0
2020-04-19,20
2020-04-20,44
2020-04-21,0
2020-04-22,0
2020-04-23,82
2020-04-24,348
2020-04-25,0
2020-04-26,363
2020-04-27,0
2020-04-28,0
2020-04-29,0
2020-04-30,489
2020-05-01,447
2020-05-02,0
2020-05-03,143
2020-05-04,231
2020-05-05,145
2020-05-06,168
2020-05-07,0
2020-05-08,227
2020-05-09,0
2020-05-10,79
2020-05-11,246
2020-05-12,227
2020-05-13,252
2020-05-14,446
2020-05-15,0
2020-05-16,1459
2020-05-17,484
2020-05-18,209
2020-05-19,604
2020-05-20,0
2020-05-21,376
2020-05-22,737
2020-05-23,2198
2020-05-24,150
2020-05-25,289
2020-05-26,1040
2020-05-27,575
2020-05-28,225
2020-05-29,372
2020-05-30,566
2020-05-31,357
2020-06-01,670
2020-06-02,689
2020-06-03,1026
2020-06-04,203
2020-06-05,125
2020-06-06,667
2020-06-07,0
2020-06-08,204
2020-06-09,416
2020-06-10,0
2020-06-11,0
2020-06-12,476
2020-06-13,0
2020-06-14,355
2020-06-15,263
2020-06-16,84
2020-06-17,1268
2020-06-18,411
2020-06-19,1092
2020-06-20,276
2020-06-21,0
2020-06-22,63
2020-06-23,327
2020-06-24,0
2020-06-25,212
2020-06-26,0
2020-06-27,105
2020-06-28,193
2020-06-29,364
2020-06-30,127
2020-07-01,828
2020-07-02,0
2020-07-03,497
2020-07-04,525
2020-07-05,557
2020-07-06,42
2020-07-07,0
2020-07-08,411
2020-07-09,84
2020-07-10,214
2020-07-11,20
2020-07-12,20
2020-07-13,0
2020-07-14,411
2020-07-15,0
2020-07-16,149
2020-07-17,0
2020-07-18,0
2020-07-19,806
2020-07-20,610
2020-07-21,63
2020-07-22,20
2020-07-23,0
2020-07-24,565
2020-07-25,1933
2020-07-26,473
2020-07-27,320
2020-07-28,187
2020-07-29,441
2020-07-30,342
2020-07-31,750
2020-08-01,275
2020-08-02,581
2020-08-03,83
2020-08-04,246
2020-08-05,334
2020-08-06,498
2020-08-07,728
2020-08-08,0
2020-08-09,1419
2020-08-10,766
2020-08-11,454
2020-08-12,398
2020-08-13,780
2020-08-14,918
2020-08-15,0
2020-08-16,387
2020-08-17,494
2020-08-18,852
2020-08-19,0
2020-08-20,668
2020-08-21,0
2020-08-22,207
2020-08-23,124
2020-08-24,0
2020-08-25,192
2020-08-26,495
2020-08-27,413
2020-08-28,378
2020-08-29,355
2020-08-30,126
2020-08-31,361
2020-09-01,313
2020-09-02,1256
2020-09-03,737
2020-09-04,0
2020-09-05,21
2020-09-06,0
2020-09-07,0
2020-09-08,0
2020-09-09,0
2020-09-10,245
2020-09-11,0
2020-09-12,833
2020-09-13,126
2020-09-14,163
2020-09-15,333
2020-09-16,355
2020-09-17,0
2020-09-18,41
2020-09-19,357
2020-09-20,0
2020-09-21,871
2020-09-22,1681
2020-09-23,308
2020-09-24,0
2020-09-25,0
2020-09-26,658
2020-09-27,275
2020-09-28,1497
2020-09-29,291
2020-09-30,23
2020-10-01,480
2020-10-02,294
2020-10-03,708
2020-10-04,2729
2020-10-05,265
2020-10-06,0
2020-10-07,920
2020-10-08,891
2020-10-09,1628
2020-10-10,376
2020-10-11,0
2020-10-12,275
2020-10-13,2925
2020-10-14,459
2020-10-15,635
2020-10-16,229
2020-10-17,21
2020-10-18,0
2020-10-19,0
2020-10-20,0
2020-10-21,0
2020-10-22,0
2020-10-23,417
2020-10-24,2374
2020-10-25,224
2020-10-26,126
2020-10-27,0
2020-10-28,0
2020-10-29,0
2020-10-30,593
2020-10-31,0
2020-11-01,0
2020-11-02,2485
2020-11-03,1406
2020-11-04,498
2020-11-05,124
2020-11-06,0
2020-11-07,0
2020-11-08,3899
2020-11-09,2258
2020-11-10,678
2020-11-11,0
2020-11-12,0
2020-11-13,561
2020-11-14,1745
2020-11-15,0
2020-11-16,60
2020-11-17,83
2020-11-18,1191
2020-11-19,699
2020-11-20,1232
2020-11-21,539
2020-11-22,314
2020-11-23,0
2020-11-24,930
2020-11-25,2933
2020-11-26,1230
2020-11-27,607
2020-11-28,0
2020-11-29,373
2020-11-30,442
2020-12-01,247
2020-12-02,0
2020-12-03,0
2020-12-04,0
2020-12-05,272
2020-12-06,636
2020-12-07,1372
2020-12-08,1290
2020-12-09,0
2020-12-10,381
2020-12-11,1511
2020-12-12,854
2020-12-13,146
2020-12-14,41
2020-12-15,841
2020-12-16,1665
2020-12-17,141
2020-12-18,0
2020-12-19,0
2020-12-20,0
2020-12-21,1248
2020-12-22,555
2020-12-23,1906
2020-12-24,0
2020-12-25,0
2020-12-26,792
2020-12-27,2048
2020-12-28,151
2020-12-29,566
2020-12-30,0
2020-12-31,163
2021-01-01,0
2021-01-02,2079
2021-01-03,0
2021-01-04,498
2021-01-05,1669
2021-01-06,332
2021-01-07,428
2021-01-08,0
2021-01-09,582
2021-01-10,0
2021-01-11,248
2021-01-12,61
2021-01-13,0
2021-01-14,64
2021-01-15,61
2021-01-16,0
2021-01-17,1354
2021-01-18,0
2021-01-19,0
2021-01-20,171
2021-01-21,231
2021-01-22,656
2021-01-23,308
2021-01-24,1023
2021-01-25,0
2021-01-26,0
2021-01-27,248
2021-01-28,230
2021-01-29,226
2021-01-30,187
2021-01-31,0
2021-02-01,671
2021-02-02,332
2021-02-03,506
2021-02-04,0
2021-02-05,22
2021-02-06,0
2021-02-07,0
2021-02-08,0
2021-02-09,0
2021-02-10,0
2021-02-11,0
2021-02-12,0
2021-02-13,42
2021-02-14,21
2021-02-15,0
2021-02-16,0
2021-02-17,0
2021-02-18,0
2021-02-19,564
2021-02-20,0
2021-02-21,0
2021-02-22,233
2021-02-23,0
2021-02-24,350
2021-02-25,253
2021-02-26,162
2021-02-27,0
2021-02-28,534
2021-03-01,919
2021-03-02,0
2021-03-03,0
2021-03-04,0
2021-03-05,0
2021-03-06,1875
2021-03-07,747
2021-03-08,0
2021-03-09,85
2021-03-10,85
2021-03-11,166
2021-03-12,187
2021-03-13,1022
2021-03-14,0
2021-03-15,0
2021-03-16,42
2021-03-17,44
2021-03-18,894
2021-03-19,44
2021-03-20,0
2021-03-21,1408
2021-03-22,648
2021-03-23,143
2021-03-24,2190
2021-03-25,81
2021-03-26,205
2021-03-27,21
2021-03-28,380
2021-03-29,61
2021-03-30,0
2021-03-31,0
2021-04-01,806
2021-04-02,684
2021-04-03,766
2021-04-04,205
2021-04-05,0
2021-04-06,225
2021-04-07,126
2021-04-08,620
2021-04-09,0
2021-04-10,60
2021-04-11,61
2021-04-12,961
2021-04-13,382
2021-04-14,577
2021-04-15,0
2021-04-16,0
2021-04-17,497
2021-04-18,0
2021-04-19,22
2021-04-20,42
2021-04-21,0
2021-04-22,357
2021-04-23,192
2021-04-24,0
2021-04-25,0
2021-04-26,0
2021-04-27,316
2021-04-28,22
2021-04-29,145
2021-04-30,85
2021-05-01,172
2021-05-02,0
2021-05-03,23
2021-05-04,0
2021-05-05,62
2021-05-06,0
2021-05-07,0
2021-05-08,0
2021-05-09,0
2021-05-10,658
2021-05-11,43
2021-05-12,0
2021-05-13,167
2021-05-14,0
2021-05-15,2088
2021-05-16,0
2021-05-17,0
2021-05-18,22
2021-05-19,192
2021-05-20,858
2021-05-21,106
2021-05-22,106
2021-05-23,0
2021-05-24,124
2021-05-25,105
2021-05-26,0
2021-05-27,0
2021-05-28,0
2021-05-29,0
2021-05-30,0
2021-05-31,0
2021-06-01,0
2021-06-02,0
2021-06-03,0
2021-06-04,0
2021-06-05,0
2021-06-06,0
2021-06-07,42
2021-06-08,0
2021-06-09,21
2021-06-10,124
2021-06-11,81
2021-06-12,42
2021-06-13,0
2021-06-14,0
2021-06-15,0
2021-06-16,0
2021-06-17,0
2021-06-18,0
2021-06-19,0
2021-06-20,20
2021-06-21,0
2021-06-22,0
2021-06-23,0
2021-06-24,0
2021-06-25,84
2021-06-26,0
2021-06-27,82
2021-06-28,35
2021-06-29,0
2021-06-30,0
2021-07-01,0
2021-07-02,0
2021-07-03,0
2021-07-04,29
2021-07-05,0
2021-07-06,0
2021-07-07,0
2021-07-08,0
2021-07-09,0
2021-07-10,0
2021-07-11,43
2021-07-12,0
2021-07-13,61
2021-07-14,0
2021-07-15,0
2021-07-16,41
2021-07-17,0
2021-07-18,84
2021-07-19,41
2021-07-20,0
2021-07-21,0
2021-07-22,122
2021-07-23,84
2021-07-24,0
2021-07-25,0
2021-07-26,0
2021-07-27,0
2021-07-28,0
2021-07-29,65
2021-07-30,0
2021-07-31,0
2021-08-01,22
2021-08-02,19
2021-08-03,0
2021-08-04,0
2021-08-05,0
2021-08-06,0
2021-08-07,19
2021-08-08,0
2021-08-09,0
2021-08-10,0
2021-08-11,0
2021-08-12,0
2021-08-13,0
2021-08-14,0
2021-08-15,0
2021-08-16,0
2021-08-17,21
2021-08-18,0
2021-08-19,0
2021-08-20,0
2021-08-21,0
2021-08-22,0
2021-08-23,61
2021-08-24,42
2021-08-25,20
2021-08-26,0
2021-08-27,0
2021-08-28,65
2021-08-29,0
2021-08-30,0
2021-08-31,0
2021-09-01,0
2021-09-02,0
2021-09-03,0
2021-09-04,0
2021-09-05,0
2021-09-06,0
2021-09-07,0
2021-09-08,0
2021-09-09,0
2021-09-10,0
2021-09-11,0
2021-09-12,0
2021-09-13,40
2021-09-14,42
2021-09-15,0
2021-09-16,0
2021-09-17,0
2021-09-18,0
2021-09-19,20
2021-09-20,81
2021-09-21,0
2021-09-22,0
2021-09-23,0
2021-09-24,0
2021-09-25,0
2021-09-26,0
2021-09-27,0
2021-09-28,0
2021-09-29,0
2021-09-30,43
2021-10-01,0
2021-10-02,0
2021-10-03,0
2021-10-04,169
2021-10-05,0
2021-10-06,205
2021-10-07,103
2021-10-08,123
2021-10-09,0
2021-10-10,102
2021-10-11,82
2021-10-12,125
2021-10-13,0
2021-10-14,0
2021-10-15,22
2021-10-16,83
2021-10-17,0
2021-10-18,0
2021-10-19,0
2021-10-20,0
2021-10-21,0
2021-10-22,40
2021-10-23,0
2021-10-24,0
2021-10-25,0
2021-10-26,0
2021-10-27,42
2021-10-28,0
2021-10-29,0
2021-10-30,0
2021-10-31,0
2021-11-01,0
2021-11-02,0
2021-11-03,0
2021-11-04,0
2021-11-05,0
2021-11-06,0
2021-11-07,0
2021-11-08,0
2021-11-09,0
2021-11-10,0
2021-11-11,0
2021-11-12,0
2021-11-13,0
2021-11-14,0
2021-11-15,0
2021-11-16,0
2021-11-17,20
2021-11-18,20
2021-11-19,0
2021-11-20,0
2021-11-21,0
2021-11-22,22
2021-11-23,0
2021-11-24,0
2021-11-25,0
2021-11-26,0
2021-11-27,64
2021-11-28,0
2021-11-29,100
2021-11-30,144
2021-12-01,0
2021-12-02,169
2021-12-03,141
2021-12-04,0
2021-12-05,0
2021-12-06,0
2021-12-07,0
2021-12-08,128
2021-12-09,272
2021-12-10,0
2021-12-11,0
2021-12-12,0
2021-12-13,0
2021-12-14,0
2021-12-15,0
2021-12-16,0
2021-12-17,0
2021-12-18,815
2021-12-19,916
2021-12-20,496
2021-12-21,19
2021-12-22,0
2021-12-23,0
2021-12-24,61
2021-12-25,420
2021-12-26,0
2021-12-27,0
2021-12-28,0
2021-12-29,0
2021-12-30,42
2021-12-31,0
2022-01-01,93
2022-01-02,0
2022-01-03,0
2022-01-04,381
2022-01-05,0
2022-01-06,231
2022-01-07,0
2022-01-08,40
2022-01-09,42
2022-01-10,120
2022-01-11,65
2022-01-12,0
2022-01-13,0
2022-01-14,0
2022-01-15,0
2022-01-16,22
2022-01-17,0
2022-01-18,0
2022-01-19,0
2022-01-20,103
2022-01-21,0
2022-01-22,0
2022-01-23,0
2022-01-24,0
2022-01-25,79
2022-01-26,0
2022-01-27,0
2022-01-28,0
2022-01-29,0
2022-01-30,62
2022-01-31,0
2022-02-01,0
2022-02-02,0
2022-02-03,0
2022-02-04,0
2022-02-05,0
2022-02-06,0
2022-02-07,0
2022-02-08,0
2022-02-09,0
2022-02-10,0
2022-02-11,189
2022-02-12,0
2022-02-13,0
2022-02-14,0
2022-02-15,0
2022-02-16,0
2022-02-17,0
2022-02-18,0
2022-02-19,0
2022-02-20,0
2022-02-21,0
2022-02-22,0
2022-02-23,0
2022-02-24,0
2022-02-25,0
2022-02-26,0
2022-02-27,43
2022-02-28,0
2022-03-01,0
2022-03-02,0
2022-03-03,42
2022-03-04,82
2022-03-05,40
2022-03-06,0
2022-03-07,0
2022-03-08,0
2022-03-09,0
2022-03-10,0
2022-03-11,22
2022-03-12,0
2022-03-13,0
2022-03-14,79
2022-03-15,61
2022-03-16,0
2022-03-17,0
2022-03-18,0
2022-03-19,42
2022-03-20,84
2022-03-21,0
2022-03-22,0
2022-03-23,0
2022-03-24,669
2022-03-25,0
2022-03-26,19
2022-03-27,0
2022-03-28,0
2022-03-29,0
2022-03-30,0
2022-03-31,40
2022-04-01,41
2022-04-02,0
2022-04-03,0
2022-04-04,44
2022-04-05,0
2022-04-06,0
2022-04-07,0
2022-04-08,0
2022-04-09,20
2022-04-10,0
2022-04-11,83
2022-04-12,0
2022-04-13,0
2022-04-14,0
2022-04-15,62
2022-04-16,64
2022-04-17,22
2022-04-18,0
2022-04-19,0
2022-04-20,0
2022-04-21,84
2022-04-22,284
2022-04-23,0
2022-04-24,0
2022-04-25,0
2022-04-26,0
2022-04-27,41
2022-04-28,0
2022-04-29,0
2022-04-30,0
2022-05-01,0
2022-05-02,82
2022-05-03,0
2022-05-04,0
2022-05-05,0
2022-05-06,0
2022-05-07,64
2022-05-08,45
2022-05-09,0
2022-05-10,0
2022-05-11,0
2022-05-12,0
2022-05-13,0
2022-05-14,0
2022-05-15,0
2022-05-16,0
2022-05-17,0
2022-05-18,0
2022-05-19,0
2022-05-20,0
2022-05-21,0
2022-05-22,0
2022-05-23,0
2022-05-24,0
2022-05-25,0
2022-05-26,0
2022-05-27,0
2022-05-28,0
2022-05-29,0
2022-05-30,19
2022-05-31,0
2022-06-01,0
2022-06-02,42
2022-06-03,0
2022-06-04,84
2022-06-05,0
2022-06-06,0
2022-06-07,0
2022-06-08,41
2022-06-09,0
2022-06-10,0
2022-06-11,0
2022-06-12,42
2022-06-13,63
2022-06-14,20
2022-06-15,44
2022-06-16,0
2022-06-17,0
2022-06-18,0
2022-06-19,0
2022-06-20,0
2022-06-21,0
2022-06-22,0
2022-06-23,0
2022-06-24,0
2022-06-25,84
2022-06-26,0
2022-06-27,0
2022-06-28,44
2022-06-29,22
2022-06-30,42
2022-07-01,0
2022-07-02,0
2022-07-03,43
2022-07-04,64
2022-07-05,44
2022-07-06,22
2022-07-07,0
2022-07-08,0
2022-07-09,40
2022-07-10,0
2022-07-11,113
2022-07-12,0
2022-07-13,0
2022-07-14,84
2022-07-15,0
2022-07-16,0
2022-07-17,0
2022-07-18,0
2022-07-19,20
2022-07-20,41
2022-07-21,63
2022-07-22,126
2022-07-23,0
2022-07-24,0
2022-07-25,0
2022-07-26,0
2022-07-27,-1
2022-07-28,-1
2022-07-29,-1
2022-07-30,-1
2022-07-31,-1
2022-08-01,-1
2022-08-02,-1
2022-08-03,-1
2022-08-04,-1
2022-08-05,-1
2022-08-06,-1
2022-08-07,-1
2022-08-08,-1
2022-08-09,-1
2022-08-10,-1
2022-08-11,-1
2022-08-12,-1
2022-08-13,-1
2022-08-14,-1
2022-08-15,-1
2022-08-16,-1
2022-08-17,-1
2022-08-18,-1
2022-08-19,-1
2022-08-20,-1
2022-08-21,-1
2022-08-22,-1
2022-08-23,0
2022-08-24,0
2022-08-25,0
2022-08-26,0
2022-08-27,0
2022-08-28,0
2022-08-29,0
2022-08-30,0
2022-08-31,0
2022-09-01,0
2022-09-02,0
2022-09-03,0
2022-09-04,0
2022-09-05,0
2022-09-06,0
2022-09-07,22
2022-09-08,0
2022-09-09,0
2022-09-10,0
2022-09-11,0
2022-09-12,0
2022-09-13,0
2022-09-14,0
2022-09-15,0
2022-09-16,20
2022-09-17,0
2022-09-18,21
2022-09-19,0
2022-09-20,0
2022-09-21,0
2022-09-22,0
2022-09-23,0
2022-09-24,0
2022-09-25,0
2022-09-26,0
2022-09-27,0
2022-09-28,22
2022-09-29,0
2022-09-30,0
2022-10-01,0
2022-10-02,0
2022-10-03,0
2022-10-04,0
2022-10-05,0
2022-10-06,0
2022-10-07,0
2022-10-08,0
2022-10-09,0
2022-10-10,0
2022-10-11,294
2022-10-12,0
2022-10-13,21
2022-10-14,63
2022-10-15,0
2022-10-16,0
2022-10-17,0
2022-10-18,61
2022-10-19,19
2022-10-20,0
2022-10-21,0
2022-10-22,0
2022-10-23,0
2022-10-24,21
2022-10-25,39
2022-10-26,20
2022-10-27,0
2022-10-28,0
2022-10-29,0
2022-10-30,0
2022-10-31,0
2022-11-01,0
2022-11-02,0
2022-11-03,0
2022-11-04,40
2022-11-05,0
2022-11-06,0
2022-11-07,0
2022-11-08,0
2022-11-09,0
2022-11-10,0
2022-11-11,0
2022-11-12,0
2022-11-13,0
2022-11-14,0
2022-11-15,0
2022-11-16,0
2022-11-17,0
2022-11-18,0
2022-11-19,0
2022-11-20,0
2022-11-21,0
2022-11-22,0
2022-11-23,0
2022-11-24,0
2022-11-25,0
2022-11-26,0
2022-11-27,0
2022-11-28,0
2022-11-29,0
2022-11-30,0
2022-12-01,0
2022-12-02,65
2022-12-03,0
2022-12-04,0
2022-12-05,0
2022-12-06,44
2022-12-07,43
2022-12-08,0
2022-12-09,0
2022-12-10,0
2022-12-11,0
2022-12-12,0
2022-12-13,20
2022-12-14,0
2022-12-15,0
2022-12-16,85
2022-12-17,82
2022-12-18,0
2022-12-19,0
2022-12-20,0
2022-12-21,0
2022-12-22,84
2022-12-23,0
2022-12-24,0
2022-12-25,-1
2022-12-26,0
2022-12-27,0
2022-12-28,63
2022-12-29,0
2022-12-30,0
2022-12-31,0
2023-01-01,41
2023-01-02,41
2023-01-03,21
2023-01-04,0
2023-01-05,0
2023-01-06,21
2023-01-07,42
2023-01-08,0
2023-01-09,22
2023-01-10,0
2023-01-11,0
2023-01-12,0
2023-01-13,20
2023-01-14,0
2023-01-15,0
2023-01-16,0
2023-01-17,0
2023-01-18,0
2023-01-19,0
2023-01-20,0
2023-01-21,0
2023-01-22,40
2023-01-23,0
2023-01-24,20
2023-01-25,0
2023-01-26,0
2023-01-27,0
2023-01-28,20
2023-01-29,0
2023-01-30,21
2023-01-31,0
2023-02-01,0
2023-02-02,41
2023-02-03,-1
2023-02-04,19
2023-02-05,0
2023-02-06,0
2023-02-07,0
2023-02-08,0
2023-02-09,21
2023-02-10,0
2023-02-11,0
2023-02-12,0
2023-02-13,212
2023-02-14,0
2023-02-15,41
2023-02-16,0
2023-02-17,0
2023-02-18,42
2023-02-19,102
2023-02-20,61
2023-02-21,0
2023-02-22,0
2023-02-23,0
2023-02-24,0
2023-02-25,0
2023-02-26,0
2023-02-27,0
2023-02-28,0
2023-03-01,84
2023-03-02,103
2023-03-03,0
2023-03-04,0
2023-03-05,0
2023-03-06,0
2023-03-07,42
2023-03-08,43
2023-03-09,0
2023-03-10,0
2023-03-11,0
2023-03-12,0
2023-03-13,0
2023-03-14,0
2023-03-15,0
2023-03-16,0
2023-03-17,64
2023-03-18,112
2023-03-19,0
2023-03-20,0
2023-03-21,0
2023-03-22,0
2023-03-23,0
2023-03-24,0
2023-03-25,0
2023-03-26,0
2023-03-27,0
2023-03-28,0
2023-03-29,0
2023-03-30,0
2023-03-31,0
2023-04-01,0
2023-04-02,0
2023-04-03,0
2023-04-04,0
2023-04-05,0
2023-04-06,0
2023-04-07,0
2023-04-08,0
2023-04-09,43
2023-04-10,0
2023-04-11,0
2023-04-12,0
2023-04-13,0
2023-04-14,0
2023-04-15,0
2023-04-16,0
2023-04-17,0
2023-04-18,21
2023-04-19,0
2023-04-20,0
2023-04-21,0
2023-04-22,0
2023-04-23,0
2023-04-24,42
2023-04-25,0
2023-04-26,0
2023-04-27,0
2023-04-28,0
2023-04-29,21
2023-04-30,0
2023-05-01,0
2023-05-02,0
2023-05-03,0
2023-05-04,0
2023-05-05,22
2023-05-06,0
2023-05-07,0
2023-05-08,0
2023-05-09,0
2023-05-10,0
2023-05-11,0
2023-05-12,0
2023-05-13,0
2023-05-14,20
2023-05-15,0
2023-05-16,0
2023-05-17,0
2023-05-18,0
2023-05-19,0
2023-05-20,0
2023-05-21,0
2023-05-22,0
2023-05-23,0
2023-05-24,0
2023-05-25,0
2023-05-26,0
2023-05-27,0
2023-05-28,0
2023-05-29,0
2023-05-30,0
2023-05-31,0
2023-06-01,0
2023-06-02,0
2023-06-03,0
2023-06-04,0
2023-06-05,103
2023-06-06,0
2023-06-07,206
2023-06-08,0
2023-06-09,0
2023-06-10,84
2023-06-11,0
2023-06-12,0
2023-06-13,0
2023-06-14,0
2023-06-15,0
2023-06-16,80
2023-06-17,22
2023-06-18,42
2023-06-19,0
2023-06-20,0
2023-06-21,0
2023-06-22,0
2023-06-23,0
2023-06-24,0
2023-06-25,0
2023-06-26,0
2023-06-27,0
2023-06-28,0
2023-06-29,0
2023-06-30,0
2023-07-01,60
2023-07-02,85
2023-07-03,64
2023-07-04,40
2023-07-05,0
2023-07-06,0
2023-07-07,0
2023-07-08,0
2023-07-09,-1
2023-07-10,0
2023-07-11,0
2023-07-12,22
2023-07-13,22
2023-07-14,84
2023-07-15,0
2023-07-16,0
2023-07-17,22
2023-07-18,84
2023-07-19,0
2023-07-20,0
2023-07-21,0
2023-07-22,22
2023-07-23,148
2023-07-24,336
2023-07-25,0
2023-07-26,0
2023-07-27,60
2023-07-28,19
2023-07-29,41
2023-07-30,0
2023-07-31,0
2023-08-01,22
2023-08-02,0
2023-08-03,0
2023-08-04,0
2023-08-05,0
2023-08-06,19
2023-08-07,0
2023-08-08,0
2023-08-09,63
2023-08-10,41
2023-08-11,57
2023-08-12,0
2023-08-13,0
2023-08-14,0
2023-08-15,0
2023-08-16,0
2023-08-17,0
2023-08-18,24
2023-08-19,0
2023-08-20,0
2023-08-21,0
2023-08-22,20
2023-08-23,19
2023-08-24,146
2023-08-25,62
2023-08-26,0
2023-08-27,0
2023-08-28,0
2023-08-29,20
2023-08-30,0
2023-08-31,0
2023-09-01,0
2023-09-02,0
2023-09-03,0
2023-09-04,0
2023-09-05,0
2023-09-06,0
2023-09-07,0
2023-09-08,0
2023-09-09,0
2023-09-10,0
2023-09-11,0
2023-09-12,0
2023-09-13,0
2023-09-14,0
2023-09-15,0
2023-09-16,0
2023-09-17,0
2023-09-18,0
2023-09-19,0
2023-09-20,0
2023-09-21,20
2023-09-22,0
2023-09-23,0
2023-09-24,0
2023-09-25,0
2023-09-26,0
2023-09-27,0
2023-09-28,0
2023-09-29,0
2023-09-30,0
2023-10-01,0
2023-10-02,0
2023-10-03,0
2023-10-04,0
2023-10-05,0
2023-10-06,0
2023-10-07,0
2023-10-08,0
2023-10-09,0
2023-10-10,0
2023-10-11,0
2023-10-12,20
2023-10-13,0
2023-10-14,0
2023-10-15,0
2023-10-16,22
2023-10-17,0
2023-10-18,0
2023-10-19,0
2023-10-20,0
2023-10-21,23
2023-10-22,0
2023-10-23,0
2023-10-24,0
2023-10-25,0
2023-10-26,0
2023-10-27,20
2023-10-28,0
2023-10-29,0
2023-10-30,0
2023-10-31,0
2023-11-01,0
2023-11-02,0
2023-11-03,0
2023-11-04,0
2023-11-05,0
2023-11-06,20
2023-11-07,0
2023-11-08,0
2023-11-09,0
2023-11-10,0
2023-11-11,0
2023-11-12,0
2023-11-13,0
2023-11-14,22
2023-11-15,0
2023-11-16,0
2023-11-17,0
2023-11-18,20
2023-11-19,0
2023-11-20,0
2023-11-21,0
2023-11-22,0
2023-11-23,20
2023-11-24,21
2023-11-25,0
2023-11-26,0
2023-11-27,20
2023-11-28,0
2023-11-29,0
2023-11-30,20
2023-12-01,0
2023-12-02,0
2023-12-03,0
2023-12-04,0
2023-12-05,0
2023-12-06,0
2023-12-07,0
2023-12-08,0
2023-12-09,42
2023-12-10,0
2023-12-11,22
2023-12-12,0
2023-12-13,0
2023-12-14,0
2023-12-15,0
2023-12-16,0
2023-12-17,0
2023-12-18,0
2023-12-19,21
2023-12-20,23
2023-12-21,0
2023-12-22,0
2023-12-23,0
2023-12-24,0
2023-12-25,0
2023-12-26,0
2023-12-27,0
2023-12-28,0
2023-12-29,22
2023-12-30,0
2023-12-31,0
2024-01-01,0
2024-01-02,0
2024-01-03,0
2024-01-04,0
2024-01-05,0
2024-01-06,0
2024-01-07,0
2024-01-08,0
2024-01-09,0
2024-01-10,0
2024-01-11,0
2024-01-12,0
2024-01-13,0
2024-01-14,0
2024-01-15,0
2024-01-16,40
2024-01-17,0
2024-01-18,0
2024-01-19,0
2024-01-20,0
2024-01-21,0
2024-01-22,0
2024-01-23,0
2024-01-24,0
2024-01-25,0
2024-01-26,0
2024-01-27,22
2024-01-28,0
2024-01-29,0
2024-01-30,0
2024-01-31,0
2024-02-01,40
2024-02-02,22
2024-02-03,0
2024-02-04,0
2024-02-05,21
2024-02-06,20
2024-02-07,22
2024-02-08,0
2024-02-09,0
2024-02-10,0
2024-02-11,20
2024-02-12,20
2024-02-13,0
2024-02-14,0
2024-02-15,0
2024-02-16,22
2024-02-17,0
2024-02-18,0
2024-02-19,0
2024-02-20,0
2024-02-21,0
2024-02-22,23
2024-02-23,0
2024-02-24,0
2024-02-25,0
2024-02-26,0
2024-02-27,0
2024-02-28,0
2024-02-29,22
2024-03-01,0
2024-03-02,0
2024-03-03,0
2024-03-04,122
2024-03-05,20
2024-03-06,0
2024-03-07,0
2024-03-08,21
2024-03-09,43
2024-03-10,0
2024-03-11,0
2024-03-12,0
2024-03-13,0
2024-03-14,0
2024-03-15,20
2024-03-16,0
2024-03-17,0
2024-03-18,0
2024-03-19,0
2024-03-20,44
2024-03-21,0
2024-03-22,0
2024-03-23,0
2024-03-24,0
2024-03-25,22
2024-03-26,207
2024-03-27,43
2024-03-28,0
2024-03-29,42
2024-03-30,0
2024-03-31,42
2024-04-01,0
2024-04-02,0
2024-04-03,0
2024-04-04,0
2024-04-05,0
2024-04-06,0
2024-04-07,0
2024-04-08,0
2024-04-09,0
2024-04-10,0
2024-04-11,22
2024-04-12,0
2024-04-13,0
2024-04-14,0
2024-04-15,142
2024-04-16,0
2024-04-17,60
2024-04-18,0
2024-04-19,22
2024-04-20,78
2024-04-21,40
2024-04-22,0
2024-04-23,0
2024-04-24,0
2024-04-25,0
2024-04-26,0
2024-04-27,0
2024-04-28,0
2024-04-29,0
2024-04-30,0
2024-05-01,0
2024-05-02,0
2024-05-03,0
2024-05-04,0
2024-05-05,0
2024-05-06,0
2024-05-07,0
2024-05-08,0
2024-05-09,0
2024-05-10,0
2024-05-11,0
2024-05-12,0
2024-05-13,0
2024-05-14,0
2024-05-15,0
2024-05-16,0
2024-05-17,22
2024-05-18,0
2024-05-19,0
2024-05-20,0
2024-05-21,42
2024-05-22,0
2024-05-23,0
2024-05-24,42
2024-05-25,0
2024-05-26,0
2024-05-27,21
2024-05-28,0
2024-05-29,-1
2024-05-30,-1
2024-05-31,0
2024-06-01,-1
2024-06-02,-1
2024-06-03,-1
2024-06-04,-1
2024-06-05,0
2024-06-06,124
2024-06-07,39
2024-06-08,43
2024-06-09,0
2024-06-10,44
2024-06-11,0
2024-06-12,43
2024-06-13,41
2024-06-14,123
2024-06-15,0
2024-06-16,0
2024-06-17,122
2024-06-18,62
2024-06-19,81
2024-06-20,0
2024-06-21,0
2024-06-22,43
2024-06-23,107
2024-06-24,20
2024-06-25,42
2024-06-26,106
2024-06-27,60
2024-06-28,292
2024-06-29,1083
2024-06-30,76
2024-07-01,44
2024-07-02,0
2024-07-03,104
2024-07-04,227
2024-07-05,0
2024-07-06,0
2024-07-07,0
2024-07-08,0
2024-07-09,0
2024-07-10,-1
2024-07-11,-1
2024-07-12,-1
2024-07-13,-1
2024-07-14,-1
2024-07-15,-1
2024-07-16,-1
2024-07-17,-1
2024-07-18,22
2024-07-19,86
2024-07-20,0
2024-07-21,0
2024-07-22,0
2024-07-23,20
2024-07-24,64
2024-07-25,-1
2024-07-26,-1
2024-07-27,-1
2024-07-28,-1
2024-07-29,-1
2024-07-30,0
2024-07-31,0
2024-08-01,20
2024-08-02,0
2024-08-03,265
2024-08-04,229
2024-08-05,842
2024-08-06,823
2024-08-07,355
2024-08-08,105
2024-08-09,19
2024-08-10,0
2024-08-11,0
2024-08-12,43
2024-08-13,0
2024-08-14,0
2024-08-15,0
2024-08-16,0
2024-08-17,0
2024-08-18,22
2024-08-19,0
2024-08-20,81
2024-08-21,0
2024-08-22,106
2024-08-23,0
2024-08-24,43
2024-08-25,0
2024-08-26,0
2024-08-27,149
2024-08-28,0
2024-08-29,0
2024-08-30,0
2024-08-31,64
2024-09-01,0
2024-09-02,0
2024-09-03,0
2024-09-04,0
2024-09-05,0
2024-09-06,0
2024-09-07,0
2024-09-08,0
2024-09-09,0
2024-09-10,20
2024-09-11,150
2024-09-12,82
2024-09-13,105
2024-09-14,81
2024-09-15,0
2024-09-16,43
2024-09-17,64
2024-09-18,0
2024-09-19,41
2024-09-20,0
2024-09-21,0
2024-09-22,0
2024-09-23,124
2024-09-24,0
2024-09-25,0
2024-09-26,-1
2024-09-27,-1
2024-09-28,-1
2024-09-29,-1
2024-09-30,0
2024-10-01,0
2024-10-02,0
2024-10-03,20
2024-10-04,86
2024-10-05,84
2024-10-06,0
2024-10-07,0
2024-10-08,144
2024-10-09,127
2024-10-10,41
2024-10-11,0
2024-10-12,0
2024-10-13,0
2024-10-14,62
2024-10-15,0
2024-10-16,0
2024-10-17,0
2024-10-18,64
2024-10-19,165
2024-10-20,0
2024-10-21,80
2024-10-22,0
2024-10-23,84
2024-10-24,0
2024-10-25,0
2024-10-26,0
2024-10-27,41
2024-10-28,22
2024-10-29,63
2024-10-30,0
2024-10-31,83
2024-11-01,0
2024-11-02,0
2024-11-03,0
2024-11-04,-1
2024-11-05,-1
2024-11-06,-1
2024-11-07,-1
2024-11-08,-1
2024-11-09,0
2024-11-10,0
2024-11-11,0
2024-11-12,0
2024-11-13,43
2024-11-14,0
2024-11-15,78
2024-11-16,0
2024-11-17,42
2024-11-18,0
2024-11-19,0
2024-11-20,0
2024-11-21,0
2024-11-22,0
2024-11-23,0
2024-11-24,0
2024-11-25,0
2024-11-26,0
2024-11-27,0
2024-11-28,0
2024-11-29,65
2024-11-30,0
2024-12-01,0
2024-12-02,0
2024-12-03,0
2024-12-04,0
2024-12-05,164
2024-12-06,0
2024-12-07,82
2024-12-08,144
2024-12-09,0
2024-12-10,0
2024-12-11,0
2024-12-12,0
2024-12-13,0
2024-12-14,126
2024-12-15,0
2024-12-16,274
2024-12-17,0
2024-12-18,0
2024-12-19,21
2024-12-20,0
2024-12-21,0
2024-12-22,0
2024-12-23,0
2024-12-24,215
2024-12-25,0
2024-12-26,87
2024-12-27,42
2024-12-28,0
2024-12-29,0
2024-12-30,61
2024-12-31,0
2025-01-01,147
2025-01-02,296
2025-01-03,0
2025-01-04,0
2025-01-05,0
2025-01-06,164
2025-01-07,105
2025-01-08,45
2025-01-09,0
2025-01-10,0
2025-01-11,42
2025-01-12,294
2025-01-13,63
2025-01-14,145
2025-01-15,0
2025-01-16,0
2025-01-17,333
2025-01-18,0
2025-01-19,83
2025-01-20,0
2025-01-21,0
2025-01-22,44
2025-01-23,0
2025-01-24,0
2025-01-25,0
2025-01-26,0
2025-01-27,64
2025-01-28,146
2025-01-29,0
2025-01-30,21
2025-01-31,63
2025-02-01,147
2025-02-02,0
2025-02-03,0
2025-02-04,102
2025-02-05,86
2025-02-06,0
2025-02-07,20
2025-02-08,82
2025-02-09,128
2025-02-10,0
2025-02-11,0
2025-02-12,0
2025-02-13,0
2025-02-14,64
2025-02-15,66
2025-02-16,62
2025-02-17,209
2025-02-18,87
2025-02-19,63
2025-02-20,105
2025-02-21,227
2025-02-22,0
2025-02-23,147
2025-02-24,227
2025-02-25,20
2025-02-26,348
2025-02-27,0
2025-02-28,244
2025-03-01,251
2025-03-02,83
2025-03-03,0
2025-03-04,0
2025-03-05,0
2025-03-06,124
2025-03-07,0
2025-03-08,126
2025-03-09,0
2025-03-10,0
2025-03-11,651
2025-03-12,0
2025-03-13,165
2025-03-14,0
2025-03-15,0
2025-03-16,0
2025-03-17,0
2025-03-18,0
2025-03-19,0
2025-03-20,41
2025-03-21,0
2025-03-22,0
2025-03-23,248
2025-03-24,125
2025-03-25,40
2025-03-26,0
2025-03-27,0
2025-03-28,0
2025-03-29,0
2025-03-30,0
2025-03-31,0
2025-04-01,0
2025-04-02,21
2025-04-03,0
2025-04-04,332
2025-04-05,0
2025-04-06,21
2025-04-07,44
2025-04-08,357
2025-04-09,66
2025-04-10,0
2025-04-11,0
2025-04-12,0
2025-04-13,0
2025-04-14,0
2025-04-15,0
2025-04-16,0
2025-04-17,208
2025-04-18,145
2025-04-19,147
2025-04-20,103
2025-04-21,0
2025-04-22,0
2025-04-23,250
2025-04-24,0
2025-04-25,0
2025-04-26,0
2025-04-27,0
2025-04-28,86
2025-04-29,20
2025-04-30,0
2025-05-01,0
2025-05-02,0
2025-05-03,21
2025-05-04,0
2025-05-05,391
2025-05-06,123
2025-05-07,0
2025-05-08,0
2025-05-09,0
2025-05-10,0
2025-05-11,0
2025-05-12,0
2025-05-13,0
2025-05-14,64
2025-05-15,0
2025-05-16,0
2025-05-17,0
2025-05-18,0
2025-05-19,80
2025-05-20,0
2025-05-21,42
2025-05-22,0
2025-05-23,39
2025-05-24,0
2025-05-25,43
2025-05-26,0
2025-05-27,0
2025-05-28,0
2025-05-29,0
2025-05-30,82
2025-05-31,104
2025-06-01,0
2025-06-02,0
2025-06-03,0
2025-06-04,0
2025-06-05,0
2025-06-06,0
2025-06-07,0
2025-06-08,105
2025-06-09,150
2025-06-10,102
2025-06-11,151
2025-06-12,83
2025-06-13,86
2025-06-14,0
2025-06-15,174
2025-06-16,187
2025-06-17,0
2025-06-18,0
2025-06-19,0
2025-06-20,0
2025-06-21,121
2025-06-22,125
2025-06-23,0
2025-06-24,20
2025-06-25,0
2025-06-26,42
2025-06-27,70
2025-06-28,0
2025-06-29,0
2025-06-30,0
2025-07-01,43
2025-07-02,210
2025-07-03,102
2025-07-04,61
2025-07-05,0
2025-07-06,0
2025-07-07,0
2025-07-08,0
2025-07-09,0
2025-07-10,0
2025-07-11,0
2025-07-12,0
2025-07-13,0
2025-07-14,0
2025-07-15,250
2025-07-16,0
2025-07-17,0
2025-07-18,0
2025-07-19,0
2025-07-20,0
2025-07-21,0
2025-07-22,42
2025-07-23,41
2025-07-24,128
2025-07-25,0
2025-07-26,0
2025-07-27,0
2025-07-28,84
2025-07-29,60
2025-07-30,0
2025-07-31,0
2025-08-01,0
2025-08-02,125
2025-08-03,82
2025-08-04,229
2025-08-05,131
2025-08-06,0
2025-08-07,0
2025-08-08,0
2025-08-09,146
2025-08-10,0
2025-08-11,0
2025-08-12,0
2025-08-13,0
2025-08-14,107
2025-08-15,0
2025-08-16,0
2025-08-17,0
2025-08-18,44
2025-08-19,0
2025-08-20,190
2025-08-21,314
2025-08-22,0
2025-08-23,65
2025-08-24,163
2025-08-25,326
2025-08-26,191
2025-08-27,0
2025-08-28,0
2025-08-29,40
2025-08-30,567
2025-08-31,150
2025-09-01,411
2025-09-02,0
2025-09-03,0
2025-09-04,0
2025-09-05,107
2025-09-06,195
2025-09-07,0
2025-09-08,185
2025-09-09,106
2025-09-10,0
2025-09-11,0
2025-09-12,0
2025-09-13,0
2025-09-14,0
2025-09-15,0
2025-09-16,0
2025-09-17,0
2025-09-18,0
2025-09-19,0
2025-09-20,62
2025-09-21,42
2025-09-22,229
2025-09-23,0
2025-09-24,0
2025-09-25,208
2025-09-26,61
2025-09-27,0
2025-09-28,0
2025-09-29,0
2025-09-30,128
2025-10-01,0
2025-10-02,0
2025-10-03,0
2025-10-04,0
2025-10-05,0
2025-10-06,0
2025-10-07,149
2025-10-08,85
2025-10-09,0
2025-10-10,86
2025-10-11,41
2025-10-12,63
2025-10-13,104
2025-10-14,0
2025-10-15,0
2025-10-16,0
2025-10-17,0
2025-10-18,0
2025-10-19,0
2025-10-20,0
2025-10-21,20
2025-10-22,0
2025-10-23,0
2025-10-24,0
2025-10-25,0
2025-10-26,44
2025-10-27,83
2025-10-28,84
2025-10-29,0
2025-10-30,0
2025-10-31,0
2025-11-01,0
2025-11-02,41
2025-11-03,0
2025-11-04,0
2025-11-05,0
2025-11-06,0
2025-11-07,0
2025-11-08,0
2025-11-09,0
2025-11-10,0
2025-11-11,0
2025-11-12,0
2025-11-13,89
2025-11-14,0
2025-11-15,0
2025-11-16,0
2025-11-17,63
2025-11-18,0
2025-11-19,0
2025-11-20,0
2025-11-21,0
2025-11-22,0
2025-11-23,83
2025-11-24,0
2025-11-25,0
2025-11-26,0
2025-11-27,44
2025-11-28,83
2025-11-29,0
2025-11-30,0
2025-12-01,0
2025-12-02,0
2025-12-03,0
2025-12-04,0
2025-12-05,22
2025-12-06,0
2025-12-07,0
2025-12-08,0
2025-12-09,104
2025-12-10,41
2025-12-11,0
2025-12-12,0
2025-12-13,63
2025-12-14,0
2025-12-15,0
2025-12-16,0
2025-12-17,0
2025-12-18,0
2025-12-19,82
2025-12-20,0
2025-12-21,0
2025-12-22,0
2025-12-23,0
2025-12-24,21
2025-12-25,61
2025-12-26,0
2025-12-27,0
2025-12-28,0
2025-12-29,0
2025-12-30,0
2025-12-31,20